-- phpMyAdmin SQL Dump
-- version 5.0.2
-- https://www.phpmyadmin.net/
--
-- Хост: 127.0.0.1:3306
-- Время создания: Июн 23 2022 г., 11:07
-- Версия сервера: 8.0.19
-- Версия PHP: 7.4.5

SET SQL_MODE = "NO_AUTO_VALUE_ON_ZERO";
START TRANSACTION;
SET time_zone = "+00:00";


/*!40101 SET @OLD_CHARACTER_SET_CLIENT=@@CHARACTER_SET_CLIENT */;
/*!40101 SET @OLD_CHARACTER_SET_RESULTS=@@CHARACTER_SET_RESULTS */;
/*!40101 SET @OLD_COLLATION_CONNECTION=@@COLLATION_CONNECTION */;
/*!40101 SET NAMES utf8mb4 */;

--
-- База данных: `dost`
--

-- --------------------------------------------------------

--
-- Структура таблицы `attraction`
--

CREATE TABLE `attraction` (
  `id` int NOT NULL,
  `name` text CHARACTER SET utf8mb4 COLLATE utf8mb4_0900_ai_ci NOT NULL,
  `category_id` int NOT NULL,
  `address` text NOT NULL,
  `locality_id` int NOT NULL,
  `date` text,
  `coordinates` text NOT NULL,
  `types_id` int NOT NULL,
  `is_suggest` int NOT NULL DEFAULT '0',
  `discription` text NOT NULL
) ENGINE=InnoDB DEFAULT CHARSET=utf8mb4 COLLATE=utf8mb4_0900_ai_ci;

--
-- Дамп данных таблицы `attraction`
--

INSERT INTO `attraction` (`id`, `name`, `category_id`, `address`, `locality_id`, `date`, `coordinates`, `types_id`, `is_suggest`, `discription`) VALUES
(78, 'Свято-Успенский кафедральный Cобор', 19, 'ул. Крылова 9', 1, '2022-06-22 09:51:28', '30.20276917548037,55.20062471475319', 6, 0, 'Первые документальные данные о существовании православной церкви Пресвятой Богородицы на Лысой (Пречистенской) горе, в месте слияния Витьбы и Западной Двины, относится к 1406 году. А уже к началу XV века появилась новоотстроенная церковь Успения Пресвятой Богородицы, и доминирующая высота в городе получила название Успенской горы.\r\n\r\nК тому времени церковь уже была одета камнем.\r\n\r\nПо приговору польского суда по поводу убийства униатского епископа Иосафата Кунцевича Успенскую церковь разобрали, казнили 20 человек, город лишили магдебурского права и всех привилегий.\r\n\r\nЧерез несколько лет на собранные деньги витебляне восстанавливают деревянный храм, но в 1629 году он сгорает. В 1636 году сооружается новый Успенский храм, однако, через полвека он ветшает.\r\n\r\nВ 1743 г. было заложено кирпичное здание храма и монастыря. Автором проекта был итальянский зодчий Иосиф Фонтана.\r\n\r\nДостраивался храм после раздела Польши усилиями русского православного генерал-губернатора Чернышева и гражданского губернатора Кречетова и был завершен в 1777 году. В 1799 г. Успенский собор по приказу\r\nПавла I был передан в ведение православных. 30 августа 1799 г. собор был освящен новым чином белорусским епископом Анастасием. В 1804 г. на соборе был установлен купол. В 1839 г. в храме произошло торжественное богослужение по поводу возвращения униатов в православие. В 1864 г. в одной из башен собора была устроена часовня во имя св. Евфросинии, княжны Полоцкой.\r\n\r\nВ комплекс с собором входили здания Витебской Духовной семинарии. После октября 1917 г. семинария и собор в Витебске были закрыты. Постановлением СНК БССР от 5.07.1926 г. Успенский собор был объявлен государственной собственностью республики, что не помешало в сентябре 1936 г. году взорвать один из красивейших храмов Белой Руси, духовную святыню Витебска.\r\n\r\nВ 1949 г. на месте собора строится огромный цех завода заточных станков. Совершенное кощунство не принесло блага, завод пришел в упадок и прекратил свое существование еще при своих строителях. В 80-х годах здание было заброшено и только летом 1998 г. снесено.\r\n\r\nВ пространстве и времени СвятоУспенский кафедральный собор прошел свой исторический путь. Он погибал в огне и возрождался, разрушался руками иноверцев и поднимался снова.\r\n\r\n26 сентября 1998 г. Патриархом Московским Алексием II заложена капсула с памятной грамотой и освящен первый камень на восстановление собора.\r\n\r\nИдею о возрождении Свято-Успенского кафедрального собора в 90-х годах прошлого века поддержал Президент Республики Беларусь Александр Григорьевич Лукашенко.\r\n\r\nСтроительные работы начались в июне 2000 года. К зиме 2004 года строители приступили к перекрытию цокольного этажа, чтобы избежать отрицательного влияния зимних погодных условий и сохранить высокое качество выполненного объема работ. Штаб стройки по возрождению СвятоУспенского собора действовал с самого начала. Владимир Леонидович Половцев -опытный специалист-строитель, считал возрождение храма своим святым долгом. Попечительский совет собора возглавлял председатель областного Совета депутатов Александр Егорович Атясов.\r\n\r\n'),
(79, 'Спасо-Ефросиниевский монастырь', 19, 'ул. Евфросинии Полоцкой 89', 24, '2022-06-08 00:00:49', '28.770609541786314,55.496832386595315', 6, 0, 'Основан святой княгиней Евфросинией Полоцкой в 1125 году, когда она поселилась возле Преображенского храма в Сельце. Со временем здесь были пострижены в монашество сестры преподобной Евфросинии: родная Евдокия (в миру Гордислава) и двоюродная Евпраксия (в миру Звенислава) — единственная дочь полоцкого князя Бориса Всеславича.\r\n\r\nВ 1161 году усердием св. преподобной Евфросинии был воздвигнут каменный Спасо-Преображенский храм — наилучшим образом сохранившийся памятник древнеполоцкого зодчества. Его строителем был зодчий Иоанн.\r\n\r\nВ этот храм преподобная Евфросиния в 1161 году пожертвовала золочёный напрестольный крест (Крест Евфросинии Полоцкой) с частицами мощей многих святых и Животворящего Креста Христова. Крест был вырезан местным мастером-ювелиром Лазарем Богшей.\r\n\r\nВ XIII веке крест был вывезен из Полоцка, однако снова возвращён в монастырь Иваном Грозным в 1563 году после успешной осады города.\r\n\r\nВ 1580 году монастырь после взятия Полоцка Стефаном Баторием был отдан иезуитам. В 1654 году возвращен в православие. В 1667 году снова попал в руки иезуитов, в ведении которых оставался до 1820 года.\r\n\r\n\r\nЗвонница Спасо-Евфросиниевского монастыря\r\nВ 1820 год иезуиты были изгнаны из Полоцка, монастырь перешел в казну. В 1832 году монастырь был передан духовному ведомству и в 1840 году восстановлен. В 1841 году в Спасо-Преображенский собор был снова возвращён Крест Евфросинии Полоцкой.\r\n\r\nВ 1840-х годах древняя обитель была причислена к разряду первоклассных. В стенах монастыря разместилось Спасо-Евфросиниевское женское духовное училище. В 1847 году при игуменье Клавдии (Щепановской) была построена Евфросиниевская трапезная церковь. Согласно новым сведениям, тёплый храм Преподобной Евфросинии (Евфросиниевская трапезная церковь) был заложен 5 июня (23 мая) 1858 года[1].\r\n\r\nНасельницы монастыря приняли под управление Свято-Успенский Тадулинский монастырь после того, как он в 1888 году был преобразован в женский[2].\r\n\r\nВ 1897 году при игуменье Евгении (Говорович) возведён монументальный пятиглавый Крестовоздвиженский собор, построенный по проекту архитектора В. Ф. Коршикова в неовизантийском стиле.\r\n\r\nВ 1921 году монастырь был закрыт, крест реквизирован и в 1928 году перевезен в Минск, в 1929 — в Могилёв. В 1941 году во время Великой Отечественной войны Крест Евфросинии Полоцкой бесследно исчез и до сих пор не найден.'),
(80, 'Славянский базар в Витебске', 16, 'пр. Фрунзе, 13а', 1, '2022-06-08 00:09:49', '30.20783009736155,55.19171258288307', 4, 0, 'Международный фестиваль искусств «Славянский базар в Витебске» – крупнейший в Республике Беларусь культурный форум, объединяющий страны и континенты.\r\n\r\nСтремление к духовному единению народов подчеркивает девиз фестиваля «Через искусство – к миру и взаимопониманию!»\r\n\r\nФестиваль давно перешагнул границы славянского мира. В Международном фестивале искусств принимали участие представители всех пяти континентов.\r\n\r\nУ города на Двине давние культурные традиции. Многоликое творчество мастеров прошлых столетий, прославивших своими делами Витебскую землю, внесло неповторимый вклад в сокровищницу европейской культуры. Начало XX века вписано в историю как век Витебского Ренессанса.\r\n\r\nМеждународный фестиваль искусств «Славянский базар в Витебске» – крупнейший в Республике Беларусь культурный форум, объединяющий страны и континенты.\r\n\r\nСтремление к духовному единению народов подчеркивает девиз фестиваля «Через искусство – к миру и взаимопониманию!»\r\n\r\nФестиваль давно перешагнул границы славянского мира. В Международном фестивале искусств принимали участие представители всех пяти континентов.\r\n\r\nУ города на Двине давние культурные традиции. Многоликое творчество мастеров прошлых столетий, прославивших своими делами Витебскую землю, внесло неповторимый вклад в сокровищницу европейской культуры. Начало XX века вписано в историю как век Витебского Ренессанса.\r\n\r\nЕжегодно на фестивале появляются новые проекты и программы.\r\n\r\n«Славянский базар в Витебске» – фестиваль, на котором представлено современное искусство и народное творчество разных стран. Здесь властвуют музыка, театр, хореография, цирк, изобразительное искусство и кинематография.\r\n\r\nВысокую творческую планку фестиваля искусств подчеркивают Международный конкурс исполнителей эстрадной песни «Витебск» и Международный детский музыкальный конкурс «Витебск», направленные на раскрытие и поддержку молодых талантов, популяризацию музыкальной культуры и искусства, взаимодействие и диалог культур разных стран.\r\n\r\nЧести возглавлять профессиональное жюри Международных конкурсов удостаивались знаменитые деятели культуры Беларуси, стран ближнего и дальнего зарубежья.\r\n\r\nПо традиции, победители конкурсов получат возможность выступить на престижной сцене Летнего амфитеатра, являющейся главной площадкой «Славянского базара в Витебске». Международного детского музыкального конкурса – в гала-концерте Торжественного открытия,Международного конкурса исполнителей эстрадной песни – в гала-концерте Торжественного закрытия фестиваля.\r\n\r\nИх выступление смотрят миллионы телезрителей в разных странах мира.'),
(81, 'Дом-музей Марка Шагала', 15, 'ул. Покровская, 11', 1, '2022-06-08 00:15:30', '30.190630880832288,55.20055480997047', 2, 0, 'Знаменитый дом на Покровской улице, в котором прошли детские и юношеские годы художника, в начале 1900-х на правом берегу Западной Двины построил его отец. В годы войны кирпичное здание сильно пострадала от бомбежки и пожара – и чудом уцелело.\r\n\r\nВ 1997 году здесь был открыт мемориальный музей Марка Шагала. В его экспозиции собраны предметы быта рубежа XIX-XX веков, а также настоящие \"свидетели\" жизни Шагала – архивные документы и первые работы, личные вещи художника и его семьи. Их сохранилось немного, но атмосфера эпохи передана максимально точно: старинные экспонаты для коллекции подбирали с помощью серии рисунков, которую сам Марк Шагал создал, по памяти запечатлев интерьеры родительского дома.\r\n\r\nНа левом берегу Западной Двины расположено второе здание музея – Арт-центр Марка Шагала, где находится одна из крупнейших коллекций Шагала в мире, объединяющая более 300 оригинальных графических работ и репродукции самых известных картин.\r\n\r\nАрт-центр Марка Шагала открылся в 1992 году в здании ХIХ века, которое изображено на всемирно известном полотне \"Над городом\". Первыми экспонатами в коллекции стали работы, подаренные друзьями – \"Кругом содействия Дому-музею Шагала в Витебске\" (Нинбур, Германия).\r\n\r\nВ музее собрана богатейшая коллекция графических работ художника, в которую вошли литографии, ксилографии, а также 3 цветные акватинты, подаренные в 1994 году дочерью художника Идой Шагал, и 96 офортов, представляющих цикл книжных иллюстраций, переданных внучками художника Мерет и Беллой.\r\n\r\nЖемчужина коллекции – великолепные иллюстрации Марка Шагала к литературным произведениям, среди которых серия зарисовок к поэме-роману Николая Гоголя \"Мертвые души\" (1923-25), серии цветных литографий под названиями \"Библия\" (1956 и 1960 годы) и \"12 колен Израиля\" (1960)…\r\n\r\nЗдесь также хранится весомое собрание печатной графики выдающихся представителей европейского авангарда – Хуана Миро, Пабло Пикассо, Анри Матисса, Фернана Леже…\r\n\r\nТрадиционно в Арт-центре проводятся выставки работ Марка Шагала из собственного собрания музея и коллекции его потомков, а также картин современных белорусских и зарубежных художников.\r\n\r\nВ рамках Шагаловских чтений проходят научные конференции, вернисажи, лекции, концерты, выступления театральных и цирковых коллективов, пленэры, а также выставки графических работ начинающих художников города.'),
(82, 'Мемориальный комплекс Три штыка', 16, 'ул. Генерала Белобородова 6', 1, '2022-06-08 00:19:21', '30.200605385193455,55.18455834790967', 1, 0, 'У каждого города есть свои знаковые объекты. В Витебске – это мемориальный комплекс \"Три штыка\", в котором запечатлен бессмертный подвиг народа. Три штыка величественно возвышаются над городом, напоминая горожанам вновь и вновь о прожитых суровых годах и о великой жертве советского народа во имя Победы.\r\n\r\nПо туристическому Витебску гулять можно часами. И всякий раз вы будете открывать все новые и новые страницы из истории Витебска, стоит лишь внимательно осмотреться по сторонам. Здесь каждый сможет найти что-то свое, родное, но загадок и чудес здесь таится еще больше. Стоит единожды посетить портал о Витебске, чтобы понять, что этот город не посетить невозможно.\r\n\r\nБесспорно, в Витебске много достопримечательностей, и говорить о них можно бесконечно долго. Но все же есть в городе сооружение, которое, пожалуй, является главным достоянием культуры Витебска. Речь идет о мемориальном комплексе \"Освободителям Витебска - советским воинам, партизанам и подпольщикам\". Сегодня это один из грандиознейших памятников Витебска, который отличается не только монументальностью, величием и красотой, но и богатой духовной основой, трагическая суть которой своими корнями уходит в кровавые годы Великой Отечественной войны.\r\n\r\nВ списке достопримечательностей Витебска мемориал появился в 1974 году. Тогда на главной городской площади Победы возвысился символичный мемориальный комплекс \"Три штыка\" по проекту архитектора Ю.Шпита. Но время шло, город развивался, и стала очевидной назревающая реконструкция объекта. Масштабная реставрация началась в 2009 году – и спустя год мемориал преобразился. После реконструкции комплекс приобрел современный внешний вид и оригинальный дизайн. Сегодня мемориал \"Освободителям Витебска - советским воинам, партизанам и подпольщикам\" - это огромный комплекс, где каждому элементу отведен свой особый смысл, - будь то площадь, парк, скульптурные композиции или же бассейны со струящейся водой, которая символизирует пролитые кровь и слезы… И все это служит своего рода предысторией к великой трагедии, необычным обрамлением центрального монумента комплекса – мемориала \"Три штыка\".\r\n\r\nСегодня мемориальный комплекс \"Три штыка\" является главным украшением площади Победы в Витебске. Издалека трудно не заметить три суживающихся кверху 56-метровых пилона-обелиска трапециевидной формы. Вверху, на высоте примерно пяти метров, обелиски объединены в единую композицию при помощи монолитного фриза, на трех гранях которого выполнены рельефы, прославляющие бессмертный подвиг воинов, партизан и подпольщиков. Но пилоны соединены не только внешне – внутри также имеется кольцо, соединяющее три обелиска, с надписью \"Слава героям\". А под ним, на символичном постаменте в форме пятиконечной звезды, зажжен Вечный огонь – как дань памяти трагическим страницам истории Витебска, мужеству горожан и всего советского народа. Особенно красив комплекс в вечернее время, когда на город спускаются сумерки. В свете ночных огней мемориал выглядит еще более торжественно. Особую изысканность комплексу придает оригинальная подсветка каждого его элемента.'),
(84, 'Ратуша', 16, 'ул. Ленина 36', 1, '2022-06-08 00:25:50', '30.205904516458418,55.19558773383696', 2, 0, 'Витебская ратуша — достопримечательность, которую трудно обойти стороной, гуляя по городу. Она находится на улице Ленина, 36 — и сразу бросается в глаза. Красивая историческая постройка стала визитной карточкой города, его важной культурной и исторической достопримечательностью.\r\n\r\nВ конце шестнадцатого века князь ВКЛ (он же польский король) Сигизмунд III Ваза решил подарить Витебску право на самоуправление. Но для его реализации необходимо было иметь в городе здание, где будут проходить заседания правления. Его в Витебске не оказалось, поэтому горожане начали своими силами строить первую ратушу — она была еще деревянной. Право город получил, вот только через время его забрали обратно, поэтому новая деревянная постройка оказалась без дела — ее решили разрушить, чтобы она не занимала место.\r\n\r\nПрошло еще несколько лет и множество изменений — и снова Витебск получает Магдебургское право. А поскольку деревянную ратушу разрушили, у горожан снова не оказалось здания, в котором могло бы заседать правление. Подняли вопрос о новом строительстве и решили возвести еще одну ратушу — но на этот раз с двумя кирпичными этажами. Остальные сделали деревянными. Интересно, что в 1664 году были созданы подробные чертежи этой постройки — и они сохранились до наших дней, так что можно легко оценить, как выглядел прототип современной ратуши.\r\n\r\nЭта постройка пережила много разных событий. Ее неоднократно разрушали, сжигали и затем восстанавливали. А уже в 1775 году построили полностью кирпичное здание. Оно дошло до нас не в своем первоначальном виде — немного изменилось, но все же осталось приближенным к строению восемнадцатого века.\r\n\r\nОбъект стали реставрировать в начале девятнадцатого века. Именно тогда на башне появились знаменитые большие часы, чтобы время можно было смотреть из разных точек города. Для часов в изначальной постройке места не нашлось, поэтому пришлось добавить к ней еще один этаж.\r\n\r\nРядом с ратушей поставили памятный знак, посвященный ВОВ, — а точнее, партизанам и подпольщикам, которые были казнены на городской площади перед ратушей во время войны.\r\n\r\nЕще один знаковый элемент — двухметровый бронзовый герб города, который установили на главном фасаде в 1997 году. Его появление было приурочено к 400-летию города. С 2000 года герб временно покидал фасад ратуши — в течение некоторого времени фронтальную часть реставрировали, поэтому его пришлось убрать на хранение. После этого элемент разместили не на фасаде, а в фойе первого этажа.'),
(85, 'Музей Белорусского Книгопечатания', 15, 'ул.Нижне-Покровская, 22', 24, '2022-06-08 00:32:46', '28.761048473088636,55.48518050810742', 2, 0, 'Музей белорусского книгопечатания является одним из одиннадцати музеев Национального Полоцкого историко-культурного музея-заповедника. Его экспозиция размещается в памятнике архитектуры XVIII в. – в бывшем келейном корпусе Полоцкого Богоявленского монастыря.\r\n\r\nМузей открыл свои двери для посетителей 8 сентября 1990 г. во время празднования 500-летия со дня рождения белорусского и восточнославянского первопечатника, прославленного полочанина Франциска Скорины.\r\n\r\nДо сегодняшнего дня это единственный в стране музей такого типа, который собирает и хранит для потомков памятники письменности от рукописных свитков до современной книги, знакомит посетителей с историей письменности, письменных приспособлений, книжной иллюстрации, полиграфии.\r\n\r\nТем, кто хочет узнать о создании рукописных книг времён Евфросинии Полоцкой, будет интересно загляуть в мастерскую переписчика – скрипторий, где сосредоточенный монах-переписчик с пером в руке наклонился над своим столом, старательно выводя букву за буквой, строку за строкой, пока вся книга не будет переписана. Представить процесс создания старопечатной книги поможет реконструкция интерьера типографии XVI–XVII вв., где так преданно работают наборщик и печатник. В музее можно увидеть интерьер кабинета учёного или писателя XVII–XVIII вв., мастерской художника-оформителя, красивую мебель прошлых веков и многое другое.'),
(86, 'Географический центр Европы', 16, 'просп. Ф.Скорины', 24, '2022-06-08 00:36:48', '28.776170209794515,55.48475140882917', 1, 0, 'Географический центр Европы — гипотетическая точка, отмечающая географический центр Европы. Расположение центра зависит от определения границ Европы и, главным образом, определяется выбранной методикой подсчёта, а также тем, включаются ли удалённые острова в список крайних точек Европы или нет.\r\n\r\nВ 2000 году белорусские учёные Алексей Соломонов и Валерий Аношко опубликовали результаты исследования, согласно которым географический центр Европы расположен в 48 км к юго-западу от Полоцка, недалеко от озера Шо (55°10′55″ с. ш. 28°15′30″ в. д., Витебская область). Учёные использовали специальную компьютерную программу, которая принимает Европу за единое целое — Белое и Балтийское море, Англию и Ирландию включили в программу как объекты материковой зоны. Предполагается, что в расчётах по определению центра Европы, нужно учитывать внутренние воды Европы и Уральские горы — восточную границу Европы.\r\n\r\nРоссийские учёные из ЦНИИГАиК подтвердили расчёты белорусских коллег. 31 мая 2008 года в Полоцке был возведён небольшой памятный знак. Тем не менее на знаке указаны другие координаты (55°30′ с. ш. 28°48′ в. д.), которые говорят, что центр находится в самом городе Полоцке.\r\n\r\nНадпись «Географический центр Европы» переведена на пять языков: с севера – на шведском, с востока – на русском, с юга – на греческом, с запада – на английском и по кругу – на белорусском.\r\n\r\nТеперь каждый, кто побывает в Полоцке, сможет получить памятный сертификат о том, что он побывал в самом сердце Европы.'),
(87, 'Памятник Великому Князю Альгерду', 16, 'ул. Толстого', 1, '2022-06-08 00:42:03', '30.205841096199208,55.194613278727644', 1, 0, 'Памятник великому князю Ольгерду в Витебске был торжественно открыт 27 июня 2014 года на праздновании 1040-летия города Витебска. Монументальное произведение искусства установлено на Рыночной площади напротив Воскресенской церкви.\r\n\r\nКнязь Ольгерд (около 1296 – 24 мая 1377 гг.) был великим князем литовским, витебским и кревским, сын князя Гедимина и брат князя Кейстута. За время правления Ольгерда (1345 – 1377 гг.) границы Великого княжества Литовского значительно увеличились. Князь литовский Ольгерд был дважды женат. Первая супруга – Мария Витебская – единственная наследница и дочь последнего удельного витебского князя Ярослава Васильевича. После смерти ее отца Витебское княжество вошло в состав ВКЛ. Вторую супругу Ольгерда звали Ульяна. Она была дочерью великого князя тверского Александра Михайловича. Великий князь Ольгерд неоднократно и весьма успешно вел войну с крестоносцами, с Золотой ордой, разбил татарское войско (битва на Синих водах), в результате чего к ВКЛ была присоединена Киевская земля, Волынь и Подолия. Князь Ольгерд не раз воевал с Московским государством и дважды нападал на Москву, но неудачно, что вскоре привело к заключению мирного договора между двумя великими державами. \r\n\r\nПамятник великому князю Ольгерду в Витебске – произведение минского скульптора Сергея Бондаренко, ученика не малоизвестного Заира Азгура. Скульптурную композицию отливали на предприятии «Технолит» в Полоцке. Памятник с изображением величественного всадника на коне выполнен из бронзы, а внутри него находится металлический силовой каркас. Монумент весит 3,2 тонны, высота скульптуры – 3,6 м, высота постамента – 2,8 м. Бронзовый всадник в боевых доспехах на коне смотрится величественно и грациозно. Правая рука Ольгерда вытянута вперед, пальцы собраны в жест, а на запястье сидит сокол – символ княжеской власти, чести и достоинства. Гордая птица готова взмахнуть крыльями и поскорее взлететь, чтобы выполнить поручение своего великого господина.'),
(88, 'Национальный парк \"Браславские озёра\"', 16, 'ул. Песчаная', 16, '2022-06-08 00:47:17', '27.00025746818804,55.65319433687853', 7, 0, 'Государственное природоохранное учреждение «Национальный парк «Бра́славские озера» располагается на северо-западе Беларуси на территории Браславского административного района Витебской области.\r\n\r\nБраславский район, на территории которого располагается национальный парк, является пограничным районом и граничит на севере и западе с Латвийской и Литовской республиками.\r\n\r\nПлощадь национального парка составляет 64 216,33 га.\r\n\r\nНациональный парк выполняет природоохранную, научную, туристическую, рекреационную, оздоровительную, и хозяйственные виды деятельности, в том числе ведение лесного, охотничьего, сельского и рыбного хозяйства, осуществление побочного пользования лесом, переработку древесины, а также содержание и использование объектов по приему официальных делегаций, отдыха и туризма.\r\n\r\nВ настоящее время государственное природоохранное учреждение «Национальный парк «Браславские озера» состоит из нескольких структурных подразделений: собственно Национального парка «Браславские озера», Экспериментального лесоохотничьего хозяйства «Браслав» и подсобного сельскохозяйственного подразделения «Урбаны».\r\n\r\nВ зависимости от особенностей и ценности природных комплексов на территории национального парка выделены функциональные зоны с соответствующим режимом охраны природы:\r\n\r\n- заповедная зона (3407,2 га) предназначена для сохранения в естественном состоянии ценных природных комплексов и объектов, обеспечения естественного течения природных процессов.\r\n\r\n- зона регулируемого использования (44 814,1 га) предназначена для сохранения и восстановления (воспроизводства) ценных природных комплексов и объектов.\r\n\r\n- рекреационная зона (2974,8 га) предназначена для осуществления рекреации, туризма, отдыха и оздоровления граждан.\r\n\r\n- хозяйственная зона (13020,23 га) предназначена для обеспечения функционирования национального парка.\r\n\r\nДля предотвращения и смягчения вредных воздействий на ценные природные комплексы и объекты, расположенные в границах национального парка, установлена охранная зона площадью 84224,16 га.\r\n\r\nАдминистративный центр Национального парка «Браславские озера» располагается в г. Браславе. Адрес государственного природоохранного учреждения «Национальный парк «Браславские озера»: 211970, г. Браслав, ул. Дачная 1.'),
(89, 'Этнографический музей Млын', 15, 'ул. Замковая, 2', 8, '2022-06-08 00:54:10', '30.42118937649954,54.50641198766195', 2, 0, 'Оршанский этнографический музей «Мельница» разместился в здании старинной водяной мельницы, которое было построено в 1902 году на средства городской управы на искусственно созданном канале, что соединяет реки Оршицу и Днепр. Оршанская мельница является памятником промышленной архитектуры. Надо отметить, что городская мельница, была одной из самых крупных не только в Оршанском уезде, но и вообще в Могилевской губернии, в состав которой в начале ХХ века входила Орша.\r\n\r\nВ 1991 году по программе «Возрождение» началась реконструкция здания. Реставрация памятника архитектуры была успешно завершена к концу 1994 года, а 23 июня 1995 года в нем открылся Оршанский этнографический музей «Мельница». Постановлением Совета Министров Республики Беларусь от 14 мая 2007 года № 578 зданию музея «Мельница» присвоен статус историко-культурной ценности категории «2», которая внесена в Государственный список историко-культурного наследия Республики Беларусь. До наших дней мельница сохранила особенности промышленной архитектуры начала ХХ столетия.\r\n\r\nМузей разместился на трех этажах, имея два зала основной экспозиции. В первой части экспозиции, носящей название «Хлеб наш насущный» представлены экспонаты, которые раньше использовались крестьянами при посевных работах и в процессе жатвы. Кроме этого в экспозиции представлены бытовые вещи, которые могут поведать о простых буднях белорусского крестьянства: бочки, образцы товаров, которые крестьяне вывозили на базар. Здесь же можно ознакомиться с макетом крестьянского дома, к которому прилагается описание внутренней планировки здания.\r\n\r\nВторая часть экспозиции — «Свет души и таланта» размещается на втором этаже. Здесь посетителей ожидает знакомство с предметами ремесленного творчества ХІХ — начала ХХ века, а также с предметами, которые представляют духовную культуру. В экспозиции можно увидеть огромное количество расшитых рушников, поражающих своими узорами и расцветками. Немалую историческую ценность представляет собрание традиционных национальных женских костюмов, которые белорусские крестьянки надевали по будням в праздники. Из изделий современных мастеров особо можно отметить иконы ручной работы, которые изготовила оршанская художница В. Янковская.\r\n\r\nВ нижней части здания находится отдельное помещение для проведения временных выставок.'),
(90, 'Парк Победителей', 18, 'ул. Калинина 19', 1, '2022-06-08 00:57:10', '30.19981421412143,55.18780498011793', 7, 0, 'Парк Победителей расположен вдоль улицы Калинина, возле площади Победы. Это самый центр города. Парк до 2010 года был сквером Калинина. Но в преддверии 65-летия победы в Великой Отечественной войне скверу присвоили судьбоносное название – Парк Победителей. Площадь парка около 4 га. \r\n\r\nПарк Победителей отличается особым уютом и теплом - кажется, здесь и дышится легче, даже если Витебск будет окутан изнуряющим зноем. Гуляя по парку, вы не заметите, как пролетит время. Ведь в Парке Победителей вы не только сможете окунуться в удивительный мир впечатляющих видов Витебска, но и прогуляться по Аллее воинской славы, где представлена боевая техника периода Великой Отечественной войны. Военная авиация, десантная техника, танки, артиллерия, парашютная вышка, армейская походная кухня и стрелковый тир – интересных моментов в парке Победителей настолько много, что здесь можно гулять часами и все равно вас будет преследовать ощущение, будто вы что-то забыли посмотреть. \r\n\r\nЗдесь любят проводить свободное время не только взрослые, но и дети: и тем, и другим найдется занятие по душе. В Парке Победителей есть всё необходимое для полноценного отдыха: и размеренное течение жизни, и развлекательные аттракционы для детей и молодежи.'),
(91, 'Пушкинский мост', 16, 'ул. Пушкина', 1, '2022-06-08 01:00:22', '30.202843816846524,55.194780118958334', 3, 0, 'Пушкинский мост в Витебске – место, где живет любовь и зарождается счастливая семья. Ведь неспроста молодожены именно здесь запирают свое счастье на замок, а ключик \"отдают\" Витьбе. И даже без повода сюда стоит прийти, так как с Пушкинского моста открываются небывалые виды Витебска, способные поразить своей красотой и роскошью.\r\n\r\nВитебск настолько удивительный город, что порой диву даешься, сколько интересных объектов таят в себе его улицы, парки и скверы. И совсем необязательно досконально изучать городскую архитектуру, чтобы открыть для себя сокровищницу достопримечательностей Витебска. Достаточно взглянуть на мосты Витебска. А еще лучше – прогуляться по ним. Они не только раскроют страницы истории Витебска и расскажут о духовной культуре и традициях витебчан, но и познакомят вас с пейзажами невероятной красоты.\r\n\r\nОсобого внимания заслуживает Пушкинский мост. Этот 28-метровый пешеходный мост построен через реку Витьбу и соединяет между собой две улицы – Пушкина и Толстого. Возвели его в 1961 году, но, как и у любого другого объекта культуры Витебска, у моста есть своя предыстория.\r\n\r\nЕстественно, через Витьбу и раньше был мост. Правда, он метров на 30 находился ближе к устью реки и был деревянным, на сваях. Строился мост в 1860-1870-х годах. Но через некоторое время этот мост Витебска пришел в негодное состояние, скорее всего, это связано с некачественной работой. Ремонт Пушкинского моста проводился один за другим, поэтому вскоре просторный мост превратился в узенький мостик, который, к тому же, был небезопасным. Дело шло к строительству нового моста, который возвысился над Витьбой уже во второй половине 1890-х. Построенный деревянный мост простоял до 1960-х годов XX века.\r\n\r\nКонечно, что посмотреть в Витебске – решать каждому. Возможно, вам захочется увидеть достопримечательности Витебска, которые находятся неподалеку от Пушкинского моста. Например, памятник Пушкину и сквер Пушкина. Не менее интересна и уникальна улица Толстого. Река Витьба станет источником вдохновения и хорошего настроения. А если вы решите прогуляться по страницам городского портала ВитебскСити.бай, то узнаете о Витебске столько интересного, словно история города сама раскрыла перед вами свои удивительные страницы.'),
(92, 'Национальный Полоцкий историко-культурный музей-заповедник', 15, 'ул. Нижне-Покровская 22', 24, '2022-06-08 01:18:58', '28.763403779113673,55.48494753630095', 2, 0, 'Научно-исследовательское и просветительное учреждение культуры Национальный Полоцкий историко-культурный музей-заповедник представляет собой уникальную историческую территорию, памятники которой охраняются, изучаются, реставрируются и приспосабливаются под музейные экспозиции. Всего в составе НПИКМЗ насчитывается одиннадцать музеев. Все недвижимые памятники (архитектурные и археологические) наряду с движимыми (более 100 000 единиц) включены в музейное собрание Национального Полоцкого историко-культурного музея-заповедника. Сам заповедник, с его охранной зоной, зоной регулирования застройки, существующими и будущими музеями, является ядром, вокруг которого создаются условия для превращения исторического Полоцка в город-музей.\r\n\r\nВ 1968 году Полоцкий историко-археологический заповедник стал филиалом Краеведческого музея. В 1985 году заповеднику был придан статус самостоятельного музейного объединения. В 1990 году было принято Постановление «О Полоцком историко-культурном заповеднике» и утверждено Положение «О Полоцком историко-культурном заповеднике республиканского значения». В 1997 году присвоено название историко-культурного музея-заповедника, с 2004 года — Национального Полоцкого историко-культурного музея-заповедника.\r\n\r\nЗаповедник с его охранной зоной, существующими и будущими музеями является ядром, которое будет способствовать трансформации Полоцка в город-музей. Цель существования музея-заповедника — в охране исторической территории, сохранении, изучении и реставрации памятников, а также приспособлении их под музейные экспозиции\r\n\r\nМузейный фонд заповедника разделён на коллекции: живопись, графика, скульптура, народное искусство, нумизматика, археология, этнография, стекло, фарфор, оружие, одежда, мебель, рукописные и старопечатные книги, документы, печатные издания, фото- и фономатериалы и другое. Самыми большими коллекциями являются коллекции нумизматики, археологии, фотоматериалов и печатных изданий.\r\n\r\nЭкспонируется около 20 % музейных предметов основного фонда. Ежегодно происходит пополнение в среднем на 2000 единиц.'),
(93, 'Благовещенская церковь', 19, 'ул. Калинина', 1, '2022-06-08 01:22:04', '30.199952399189698,55.18247329948835', 6, 0, 'Благовещенская церковь является одним из древнейших храмов Витебска. Она была построена в первой половине XII века в традициях древнерусского зодчества.\r\n\r\nПри возведении церкви использовался оригинальный строительный прием: стены выложены из рядов белых тесаных известняковых блоков, перемежающихся сдвоенными рядами плинфы (плоских и широких кирпичей).\r\n\r\nНа протяжении почти девяти веков своей истории храм неоднократно перестраивался. Около 1622 года церковь стала униатской, и к ее главному фасаду пристроили две башни. В 1832-м храм вновь передали православным, после чего башни снесли и над алтарем возвели купол-луковицу на высоком световом барабане.\r\n\r\nЧастично разрушенная в годы Великой Отечественной войны, церковь простояла в поврежденном виде до 1961 года, когда по приказу городских властей была вообще взорвана. В 1977-м уцелевшие фундаменты и фрагменты кладки храма законсервировали, а в начале 1990-х годов началась его реставрация. К 1998 году Благовещенская церковь была восстановлена в первоначальном, своем самом древнем виде.\r\n\r\n'),
(94, 'Костел Рождества Девы Марии', 19, 'ул. Советская 1', 16, '2022-06-08 01:30:03', '27.045328964724746,55.63633708824821', 6, 0, 'Костел Рождества Девы Марии в деревне Видзы (в некоторых источниках - костел Святой Троицы в деревне Видзы) построен в стиле неоготика и является «жемчужиной» деревни. Этот костел считается одним из самых высоких в Беларуси (высота его шпилей 59 метров). Выше костела в Видзах только костёл в Гервятах, его высота 61 метр (если считать высоту храма вместе с крестом на шпиле). \r\n\r\nСтроительство костела Рождества Девы Марии в деревне Видзы было начато в 1909 году на средства прихожан и пожертвования. Освящён храм был в 1914 году, перед началом Первой Мировой войны. В годы войны здание храма сильно пострадало от прицельного огня российской артиллерии (в 1915 году через деревню Видзы проходила линия фронта). Башни костела использовались в качестве смотрового пункта, для установки пулеметов и размещения снайперов. После войны храм отремонтировали и в память о военных событиях кое-где в стены вмуровали снарядные головки.\r\n\r\nПострадал костел Рождества Девы Марии в деревне Видзы (костел Святой Троицы в деревне Видзы) и в годы Великой Отечественной войны. А в послевоенное время и вовсе использовался то в качестве склада для льна, то как спортивный зал. Сегодня костел возвращен верующим и поражает витражами необычной красоты, ажурными переплетами окон, остроконечными башнями и порталами, стрельчатыми арками. Не оставит равнодушным и внутреннее убранство храма.\r\n\r\nПо своим архитектурным качествам костел Рождества Девы Марии в деревне Видзы выделяется среди других католических храмов и может стать изюминкой познавательного отдыха в Беларуси. На данный момент костел посещается в рамках лишь некоторых экскурсионных и туристических маршрутов, но потенциал костела в Видзах для организации туров выходного дня в Беларуси еще не полностью использован. '),
(95, 'Костел Святой Троицы', 19, 'ул.Набережная 10', 17, '2022-06-08 01:34:26', '27.694974546902387,55.13867229982736', 6, 0, 'Католический приход в Гервятах основан в 1526 году виленским епископом Яном, тогда же был построен небольшой деревянный храм. Он пришел в упадок, и в 1621 году епископ Евстахий Воллович основал новую деревянную церковь Святой Троицы, которая сгорела в 1736 году. В 1820-х годах церковь подверглась капитальному ремонту за счет коллекционера Матея Домейко. В 1860 г. Казимир Домейко заложил каменную колокольню, а в 1862 г. отремонтировал здание. Еще один ремонт был проведен в 1894-1895 годах. Через три года церковь снесли.\r\n\r\nВ 1899—1903 году на его месте архитектором Вацлавом Михневичем был возведён величественный каменный храм в стиле неоготики. Храм был освящен 8 сентября 1904 года. По формальным причинам проект одобрил архитектор Виленской губернии Алексей Полозов, но на самом деле это работа инженера Игнатия Ольшевского, брат местного приходского священника (вероятно, автор модификации проекта). Согласно летописям каждый день на строительстве работало более 70 человек, за селом специально построили кирпичный завод, где делали высококачественный кирпич для храма. Известь изготавливали из известняка, которые добывали в реке Лоша, для прочности в известковый раствор добавляли яйца, которые собирались тысячами у местных крестьян. Черепицу для крыши привозили из Германии.\r\n\r\nОсновные средства на строительство поступили от Вацлава Домейко и его матери, Анжелы Домейко (Нарушевичи). Ее зять, Станислав Поплавский, пожертвовал плитку для покрытия церкви, привезенную из Германии. В 1933 году была отремонтирована башня.\r\n\r\nВ 1950 году советские власти арестовали приходского священника Станислава Ходика и отправили в трудовой лагерь, поэтому церковь была закрытой до 1951 года.\r\n\r\nВ 1982-1990 годах был проведен ремонт.\r\n\r\nВысота колокольни — 61 м, Гервятский костёл входит в тройку самых высоких храмов Белоруссии и является одним из лучших образцов неоготического стиля в стране.'),
(96, 'Памятник героям Отечественной войны 1812 года', 15, 'Площадь Свободы', 24, '2022-06-08 01:37:02', '28.766843457098446,55.48582859730698', 1, 0, 'Памятник установлен в 1912 г. на добровольные пожертвования жителей города и губернии в честь 100-летия победы над Наполеоном.\r\n\r\nАвтор монумента – петербургский архитектор И.А. Фомин; работами по установке руководил витебский городской архитектор Т.В. Кибардин. Памятник представляет собой 26-метровый обелиск, сложенный из блоков красного финского гранита, которые сужаются кверху и венчаются чугунным двуглавым орлом на шаре, отлитом на фабрике художественных бронзово-литейных и гальванопластических работ Морона в Петербурге.\r\n\r\nНа памятнике укреплена чугунная доска с текстом: «Бессмертной доблести героев Отечественной войны, участников сражений под Витебском 13, 14, 15 июля и 26 октября 1812 года». По углам подиума, на котором установлен памятник, размещены четыре чугунные пушки, отлитые по образцам мортир времен Петра I.'),
(97, 'Лепельское озеро', 20, ' ', 12, '2022-06-08 01:39:46', '28.69248476725201,54.907098480746555', 8, 0, 'Этот водоем расположен на северной окраине Лепеля. По его периметру находится еще несколько населенных пунктов: Шунты, Завидичи, Старый Лепель. Озеро относится к бассейну р. Улла. Площадь водного зеркала составляет 10,68 км2, что делает его самым большим озеро в Лепельском районе. Максимальная глубина достигает 33,7 м (10 место среди всех белорусских озер).\r\n\r\nОсобо стоит отметить очень сложную береговую линию, чья длина составляет почти 40 км – третий показатель после Отолово и Нарочи. В результате образуется большое количество островов и мысов. На одном из них расположен пансионат ЛОДЭ, на другом – остатки Лепельского замка, а также небольшой водоем, соединенный с озером лишь узкой протокой. Лепельское озеро делится на три части, которые хорошо обособлены. Каждая из них носит свое название: Городское озеро, Кустинское озеро (на севре) и Белое озеро (на востоке).\r\n\r\nЛепельское озеро почти со всех сторон окружено либо городской застройкой, либо сельскохозяйственными угодьями. Лишь вдоль берега узкой полосой тянутся кусты и деревья. Имеется несколько пляжей (как оборудованных, так и «диких»). Этому способствуют преимущественно низкие песчаные берега. В то же время местами берег представляет собой обрывы. Протяженное мелководье переходит в выстланное сапропелем дно, которое отличается сложным рельефом: мели соседствуют с глубокими впадинами. Прозрачность воды может достигать 4,2 м.\r\n\r\nНа юге в озеро впадает р. Эсса, а на юго-востоке из него вытекает река Улла. Они соединяют Лепельское с целым рядом других озер, расположенных поблизости: Озеруто, Нюля, Жежлино. Оно отличается богатством рыбы. Здесь обитают щука, лещ, карп, судак, язь, карась и другие виды.\r\n\r\nВ самом Лепеле стоит увидеть костел святого Казимира, построенный во второй половине XIX века и считающийся представителем позднего классицизма, а также дома и торговые ряды, относящиеся к тому же временному периоду.'),
(98, 'Дворец Тизенгаузов', 15, 'ул. Советская 94', 25, '2022-06-08 01:44:06', '26.839515203922048,55.11390028297973', 2, 0, 'Дворец начал строиться по проекту итальянского архитектора Джузеппе ди Сакко для Антония Тизенгауза, основавшего в 1760-х гг. резиденцию в Поставах. Согласно инвентаризации, проведённой в 1788 г., были возведены боковые флигели и заложен фундамент центральной части дворца. Строительство завершено в первой половине XIX века. После Великой Отечественной войны в здании размещён один из корпусов районной больницы, находящийся там и поныне. В 2006 году перед дворцом поставлен памятник орнитологу Константину Тизенгаузу. С 2014 года в подвальных помещениях дворца находится музей.\r\n\r\nДворец построен в стиле классицизма. Одноэтажное здание имеет в плане П-образную форму. Центральная часть северного фасада оформлена шестиколонным тосканским портиком. Восточный фасад имеет глубокие боковые ризалиты и центральный ризалит, завершающиеся треугольными фронтонами с дорическим антаблементом. Среди фасадного декора применены лопатки, руст, фриз. Прямоугольные оконные проёмы украшают сандрики и лепные гирлянды. Планировка здания анфиладная, входы с северной и восточной сторон. При дворце был разбит парк площадью около 10 га. Он сохранился лишь фрагментарно. Сохранилась аллея, которая вела от усадьбы к мосту через реку Мядельку. От комплекса усадьбы уцелел служебный корпус, расположенный на одной оси с усадебным зданием.'),
(99, 'Иезуитский коллегиум', 16, 'ул. Ленина, 6', 8, '2022-06-08 01:47:10', '30.42365611920303,54.50910618985128', 4, 0, 'История иезуитского ордена в Орше начинается в конце XVI века, когда канцлер Великого княжества Литовского Лев Сапега приобрёл участок земли, который раньше занимал кальвинский сбор, для основанной в 1590 году иезуитской резиденции. Светский ксендз Якуб Лавренти, ранее работавший в виленской коллегии, воспользовавшись приездом в 1609 году в Оршу Сигизмунда III, просил его о препровождении в город иезуитов. Важным аргументом при этом послужило то, что на тот момент во всём Витебском воеводстве не было ни одного учебного заведения для молодёжи. Благодаря Сигизмунду III, пожертвовавшему 200 валок земли за городом, а также землю в центре города для строительства, иезуитская резиденция ещё через три года реорганизуется в коллегиум. В 1616 году Папа Римский Павел V официально подтвердил статус оршанского коллегиума.\r\n\r\nРасположившийся в центре Орши коллегиум первоначально был деревянным. Под 1690 годом упоминается о фундации королём Речи Посполитой Яном III Собесским каменных костёла и двухэтажного здания коллегиума, но других сведений о каменном строительстве того времени не сохранилось. Каменный собор во имя Архистратига Михаила по проекту архитектора Фонтана был заложен только в 1741 году. Строительство под руководством Бенедикта Мессмера было завершено в 1757—1758 годах. Строительство здания коллегиума было завершено к 1803 году. Кроме школ, при коллегиуме действовали бурса и театр, существовали сад и оранжерея, где монахами монастыря выращивались лекарственные растения, работала лаборатория и первая в городе аптека.\r\n\r\nОршанская коллегия вела активную миссионерскую деятельность, обеспечивая своими кадрами постоянное присутствие трёх иезуитов в Мстиславле. В 1697 году ими была создана Мстиславская школа, первыми учителями которой стали Лаврентий Масльковский — профессор инфимы, Томас Можейковский — профессор грамматики, синтаксиса и греческого языка, Винцентий Шипилло — профессор поэзии и риторики.[1]\r\n\r\nВ 1812 году в коллегиуме квартировал, отступая из Москвы, император Франции Наполеон Бонапарт, останавливался Мари-Анри Бейль, более известный как Стендаль.\r\n\r\nНесмотря на то, что в 1773 году Римский Папа Климент XIV запретил орден иезуитов, императрица Екатерина II разрешила иезуитам существовать в границах своей империи и оршанский коллегиум продолжил свою деятельность. Окончательно в Российской империи орден был запрещен Александром I в 1820 году. Все имущество иезуитов подлежало конфискации. В 1822 году школа и приход были переданы монахам-доминиканцам, а коллегиум преобразован в уездное училище. В 1825 году костел передан православной церкви. Существовал проект последующей перестройки храма, принадлежащий А. Блонди (1835 г.), но в 1840-х годах костел всё же был разрушен. Здание коллегиума было превращено в тюремный замок и в этом качестве просуществовало до конца 1980-х годов.'),
(100, 'Самолет-памятник П.Сухому', 18, 'ул. Московская', 17, '2022-06-08 01:49:58', '27.67104185406987,55.118344125874074', 1, 0, 'Всего на родине знаменитого советского авиаконструктора размещено три крылатых памятника. Первый из них — самолет СУ-17 — был установлен при въезде в Глубокое со стороны Докшиц и Постав в июне 1996 года. Появление новой достопримечательности Глубокого приурочили к 101-летию со дня рождения Павла Сухого. Именно со въезда в город туристы обычно делают свои первые крутые кадры из путешествия.\r\n\r\nСУ-17 — это распространенная модель советского истребителя-бомбардировщика, которая была разработана в первой половине 1960-х годов. Его главная особенность в том, что именно СУ-17 стал первым самолетом в СССР с крылом изменяемой стреловидности. На протяжении трех десятков лет успешно эксплуатировался в России, поставлялся на экспорт и участвовал в различных военных операциях.\r\n\r\nСейчас эта грозная боевая машина встречает гостей вишневой столицы Беларуси. Он стоит на постаменте, приподняв нос кверху, как будто вот-вот взлетит. Памятник гениальному авиаконструктору станет настоящим украшением фотографий вашего путешествия по Беларуси.'),
(101, 'Экспозиция \"Аптека\"', 15, 'площадь Ленина, 1', 25, '2022-06-08 01:52:58', '26.839090634717365,55.113143665258235', 2, 0, 'Уникальная для северного региона историческая экспозиция открылась около года назад в одном из помещений центральной аптеки района. Здание ее, построенное более 200 лет назад, сохранило свой архитектурный облик и первоначальное предназначение. За время работы аптека (поначалу лечебница) не меняла свой адрес. Старинная постройка является частью архитектурного ансамбля рыночной площади в Поставах, проектированием которой занимался итальянский архитектор Джузеппе Сакко.\r\nИнициатором создания необычной экспозиции, где представлены более 400 экспонатов, стал коллектив аптеки во главе с заведующей Жанной Логвиненко. \"Среди предметов шкаф, в котором когда-то хранились аптечные бутылочки, мензурки, баночки и другая посуда, ему не менее 200 лет. Из 1950-х годов сохранился спиртометр, недавно местные жители принесли аптечные весы, упаковки лекарств, в основном XX века. Также можно увидеть автоклав для стерилизации растворов, элементы перегонного куба, установку для приготовления мазей, весы, старинные рецепты. Своими силами для посетителей начали проводить экскурсии, а летом организовываем во дворе аптечный город с лекарственными растениями, который любят посещать школьники\", - отметила Жанна Логвиненко.\r\n\r\nЭкспозиция аптечного дела интересна не только жителям Поставского района, но и гостям региона. Ее посмотрели уже более полутысячи человек, среди них туристы из Литвы, Латвии и Германии. Пройти же виртуальную экскурсию желающие могут на сайте Витебского РУП \"Фармация\".');
INSERT INTO `attraction` (`id`, `name`, `category_id`, `address`, `locality_id`, `date`, `coordinates`, `types_id`, `is_suggest`, `discription`) VALUES
(102, 'Детский парк Сказочная страна', 20, 'ул. К.Маркса', 8, '2022-06-22 09:47:00', '30.43021115805695,54.508781199805895', 7, 0, 'Детский парк развлечений «Сказочная страна» в Орше появился в 2008 году и является ровесником его маленьких посетителей, которые приходят сюда вместе с родителями. «Сказочную страну» уже окрестили белорусским Диснейлендом. Раньше это был обычный парк, один из многих. Но после масштабной реконструкции на карте Орши появилась «Сказочная страна», гостеприимство которой не знает границ. Детский парк развлечений «Сказочная страна» находится на берегу Днепра в колоритном месте, поэтому парк снискал особую популярность у больших и маленьких горожан, с огромным удовольствием проводящих там досуг.\r\n\r\nОсобенность парка состоит в том, что его жителями являются уличные скульптуры, олицетворяющие собой персонажей из сказок, которые обычно малышам перед сном читают любящие родители. На самом входе в парк возвышается скульптура, в которой маленький гость может без труда узнать Гулливера. В парке проживают веселые гномы, озорные Три поросенка и даже Крокодил Гена, играющий на гармошке другу Чебурашке. Сезон в «Сказочной стране» стартует 1 мая, а завершается 1 октября. \r\n\r\nОбойдя сказочные и мультяшные изваяния, маленький посетитель может с удовольствием покататься на аттракционах. Аттракционы здесь не ультрасовременные и экстремальные, а трогательные в своей простоте, которые будут близки любому ребенку, привыкшему играть на детской площадке возле дома. Там можно найти и лабиринт в форме гигантского динозавра, в котором довольный малыш будет лазить в поисках выхода; и дружных дельфинов, по которым, благодаря пружинкам, легко прыгать и дурачиться; и, конечно, грандиозный замок, с которого можно скатываться вниз по специальной горке. А пока неуемный ребенок развлекается на аттракционах, мама с папой могут отдохнуть на природе на берегу Днепра под щебетание птиц вдали от городской суеты.\r\n\r\nДетский парк развлечений «Сказочная страна» в Орше особенно гордится своим амфитеатром, где вниманию детей и их родителей предлагаются любопытные театральные постановки на любой вкус. В парке можно взять напрокат велосипед или ролики, чтобы с ветерком прокатиться по живописным местам. Если после долгих и активных прогулок внезапно настигло чувство голода, можно пообедать в уютном кафе «Сказка» на территории парка, где имеется как детское, так и взрослое меню. А на десерт рекомендуется отведать сладкой ваты, купленной у приветливой девушки. Примечательный факт: в парке имеется персональная железная дорога с впечатляющим паровозом и настоящим машинистом, что очень любопытно для маленьких путешественников. Недавно в парке открыли памятник Владимиру Короткевичу, родившемуся в Орше и написавшему множество книг, входящих в культурный фонд белорусского края.\r\n\r\nВ таком веселом и озорном месте время для маленького посетителя пролетает очень быстро. Ребенок улыбчив, бодр, активен, а его глаза наполнены счастьем! А что может быть лучше для любого родителя?\r\n\r\nДетский парк развлечений «Сказочная страна» в Орше - место, где сбываются мечты!'),
(103, 'Толочинский Историко-Краеведческий Музей', 15, 'ул. Пионерская, д. 4', 9, '2022-06-08 02:00:42', '29.715624817881178,54.406070679160905', 2, 0, 'Датой основания музея считается 29 августа 1985 года, тогда было принято совместное постановление Толочинского райкома КПБ и райисполкома об открытии музея. 1996 году под музей отдано одноэтажное кирпичное здание горсовета, которое до настоящего времени сохранило особенности архитектуры начала 20 века. Здание музея ранее являлось жилым домом владельца стеклозавода, в разное время в нем находились Заречно-Толочинский поземельный банк, райком партии, горсовет.\r\nВ соответствии с постановлением Совета Министров РБ от 07.12.1998 г. \"Об праздновании1000-летия Друцка.\" Выделены деньги на реконструкцию здания музея, создание экспозиции, возобновление археологических исследований территории древнего Друцка. В 2000 году здание музея переведено в ранг памятника гражданской архитектуры и взято под охрану государства.\r\nС 31 августа 2001 года музей открыт для посетителей. Экспозиция, предложенная для обзора, имеет пять залов: древней истории, исторический, \"Интерактивное музейное пространство\"Человек в природе\"\", этнографии, выставочный.\r\nОбщая площадь экспозиции 158 кв.м., выставочной - 28 кв.м.');

-- --------------------------------------------------------

--
-- Дублирующая структура для представления `attractioninfo`
-- (См. Ниже фактическое представление)
--
CREATE TABLE `attractioninfo` (
`id` int
,`name` text
,`type` varchar(45)
,`category` varchar(45)
,`address` text
,`locality` varchar(45)
,`coordinates` text
,`discription` text
,`is_suggest` int
);

-- --------------------------------------------------------

--
-- Структура таблицы `categories`
--

CREATE TABLE `categories` (
  `id` int NOT NULL,
  `name` varchar(45) NOT NULL
) ENGINE=InnoDB DEFAULT CHARSET=utf8mb4 COLLATE=utf8mb4_0900_ai_ci;

--
-- Дамп данных таблицы `categories`
--

INSERT INTO `categories` (`id`, `name`) VALUES
(15, 'История'),
(16, 'Культура'),
(18, 'Военное'),
(19, 'Религия'),
(20, 'Отдых'),
(23, 'lololTest');

-- --------------------------------------------------------

--
-- Структура таблицы `locality`
--

CREATE TABLE `locality` (
  `id` int NOT NULL,
  `name` varchar(45) NOT NULL
) ENGINE=InnoDB DEFAULT CHARSET=utf8mb4 COLLATE=utf8mb4_0900_ai_ci;

--
-- Дамп данных таблицы `locality`
--

INSERT INTO `locality` (`id`, `name`) VALUES
(1, 'Витебск'),
(8, 'Орша'),
(9, 'Толочин'),
(10, 'Сенно'),
(12, 'Лепель'),
(13, 'Миоры'),
(14, 'Верхнедвинск'),
(15, 'Барань'),
(16, 'Браслав'),
(17, 'Глубокое'),
(18, 'Городок'),
(19, 'Дисна'),
(20, 'Докшицы'),
(21, 'Дубровно'),
(22, 'Новолукомль'),
(23, 'Новополоцк'),
(24, 'Полоцк'),
(25, 'Поставы'),
(26, 'Чашники');

-- --------------------------------------------------------

--
-- Структура таблицы `news`
--

CREATE TABLE `news` (
  `id` int NOT NULL,
  `name` text CHARACTER SET utf8mb4 COLLATE utf8mb4_0900_ai_ci NOT NULL,
  `discription` text NOT NULL,
  `date` date DEFAULT NULL,
  `user_id` int NOT NULL,
  `is_suggest` int NOT NULL DEFAULT '0'
) ENGINE=InnoDB DEFAULT CHARSET=utf8mb4 COLLATE=utf8mb4_0900_ai_ci;

--
-- Дамп данных таблицы `news`
--

INSERT INTO `news` (`id`, `name`, `discription`, `date`, `user_id`, `is_suggest`) VALUES
(88, '11 ИЮНЯ. ЭЛИЗА ОЖЕШКО', 'Знаменитая Элиза Ожешко, урожденная Эльжбета Павловская, родилась 6 июня 1841 года в деревушке Мильковщина около Гродно в богатой семье помещика и адвоката. В этой семье читали работы Дидро, Вольтера и Руссо. С 1852 по 1857 год Элиза получает образование в Варшавском пансионе. Когда ей было 17 лет, Элиза выходит замуж за помещика Петра Ожешко из Кобринского уезда и живет с мужем в Людвиново.\r\n\r\nВо время польского восстания 1863 года Элиза оказывала помощь восставшим. В 1865 году мужа за участие в этом восстании сослали в Пермскую губернию, а имущество конфисковали.\r\n\r\nОжешко вернулась в родную Мильковщину, в которой сложилась очень непростая обстановка (как и в большинстве имений в Литве): начались преследования, экономические репрессии, нелегко проходила адаптация к новым экономическим реалиям после передачи земли крестьянам…\r\n\r\nМильковщина не выдержала этих перипетий: примерно в 1870 году имение пришлось продать. Однако годы, проведенные в поместье родителей, были важным периодом в становлении писательницы. Она стала владелицей богатой библиотеки отца и благодаря ей познакомилась с литературой XVIII и XIX веков, причем не только с художественными сочинениями, но и с трудами по философии, социологии и экономике.\r\n\r\nЕе печатный дебют датирован 1866 годом, когда был опубликован рассказ «В голодный год». Этот рассказ строится на резких контрастах: голодающая в «тощие времена» деревня и сытая, веселящаяся помещичья усадьба. В деревне трагически обрывается жизнь пары молодых возлюбленных. Она, ослабев от супа с лебедой, понукаемая криками эконома, падает с мостков и тонет. Он в отчаянии бродит по полям и умирает от голода. Комментируя эту трагедию, помещик говорит, мол, жаль девушку, особенно если она была хороша собой. В финале автор напрямую обращается к читателю, взывая к его совести.\r\n\r\nВ 1869 году по заявлению Элизы брак с Петром Ожешко был расторгнут. Она переезжает в 1870 году в Гродно и живет на доходы от реализации своих литературных трудов.\r\n\r\nИз-под пера Элизы Ожешко выходят романы и рассказы, насыщенные национально-патриотическим содержанием. Ее произведения переводятся и на русский язык.\r\n\r\nОдним из наиболее выдающихся произведений является роман «Над Неманом».\r\n\r\nЕе интерес к лекарственным травам позволил ей собрать огромный гербарий и сделать их описания, а также собрать способы применения в лечебных целях.\r\n\r\nВторым мужем Элизы в 1894 году становится Станислав Нагорский.\r\n\r\nЭлиза Ожешко была увлечена патриотической общественной деятельностью, занимается благотворительностью.\r\n\r\nК сожалению, серьезное заболевание сердца прервало ее литературную деятельность на 69-м году жизни. Она похоронена на кладбище города Гродно в 1910 году.', '2022-06-08', 2, 0),
(89, '5 ИЮНЯ. ЕФРОСИНЬЯ ПОЛОЦКАЯ', 'Отмечается День памяти Евфросиньи Полоцкой, белорусской просветительницы, полоцкой княжны, меценатки и просветительницы, основательницы женского и мужского монастырей, первой женщины этого периода, канонизированной в святые.\r\n\r\nПосле канонизации она считается одной из небесных заступниц Беларуси. В этот день традиционно паломники съезжаются в Полоцк.\r\n\r\nВ 2021 году отмечалась еще одна дата: исполнилось 860 лет со времени создания Креста Евфросинии Полоцкой, уникального произведения старобелорусского искусства, религиозной и культурной святыни белорусов. История этого креста драматична, полна загадок и неясностей.\r\n\r\nПри женском монастыре, который учредила Евфросиния, существовала мастерская, где делали оклады для образов и другие предметы церковного обихода. Одним из самых искусных мастеров в Полоцке был Лазарь Богша – золотых дел мастер. Мастер владел техникой перегородчатой эмали – очень редкой в то время. В то время на выполненных изделиях мастер редко указывал свое имя, однако на обратной стороне креста Лазарь Богша, словно понимая, что он создал, сделал следующую надпись: «Господи, помози рабоу своемоу Лазорю, нареченомоу Богъши, съделавъшемоу крьстъ сии црькви стаго Спаса и Офросиньи».\r\n\r\nВысота креста – 52 см, верхнее перекрестие – 14 см, нижнее – 21 см. Крест был сделан из кипариса, покрыт золотыми и серебряными пластинами с изображениями, выполненными в технике перегородчатой эмали, и украшен восемью драгоценными камнями и жемчугом. Изображения на кресте передают основные события Нового Завета.\r\n\r\nКрест шестиконечный, и, по мнению богословов, символизирует шесть дней творения мира.\r\n\r\nНа верхних концах креста были поясные изображения Иисуса Христа, Матери Божией и Иоанна Предтечи, на концах нижнего перекрестия – архангелы Гавриил и Михаил, а в центре креста – евангелисты Матфей, Марк, Иоанн и Лука.\r\n\r\nВ Полоцке в Спасо-Евфросиниевском монастыре крест хранился более 60 лет, но в 1222 году во время очередной усобицы смоленский князь Мстислав Давыдович разорил Полоцк и увез реликвию к себе. В Смоленске крест был без малого почти три века. В 1495 году, желая лучше сохранить святыню, и чтобы не опускать ее больше в воду при водосвятии, с креста сделали первую копию.\r\n\r\nВ 1514 году царь Василий III захватил Смоленск и перевез крест в Москву. Его сын, Иван Грозный вернул святыню на место, в Спасо-Преображенский храм. Впоследствии крест еще несколько раз перевозили и возвращали, пока в 1928 году окончательно не увезли из Полоцка в Минск, а затем в исторический музей Могилева.\r\n\r\nВ 1941 году на нашу родину напала фашистская Германия, Могилев 26 июля заняли немцы, и крест бесследно пропал.\r\n\r\nПосле войны его искали, но безуспешно. Появилось множество различных версий его исчезновения и дальнейшей судьбы. Сегодня в Спасо-Преображенском храме есть одна из копий креста, выполненная брестским мастером Николаем Кузьмичом. Возможно, поиски подлинника этой святыни когда-нибудь все-таки увенчаются успехом.', '2022-06-08', 2, 0),
(90, '3 ИЮНЯ. ПРИПЯТСКИЙ ЗАПОВЕДНИК', 'В этот день в 1969 году был основан Припятский ландшафтно-гидрологический заповедник.\r\n\r\nСама идея создания заповедника в Полесье с включением в него крупнейшего в Европе и прекрасно сохранившегося Ольманского болотного массива, расположенного в междуречье Горыни и Ствиги, витала еще с 20-30-ых годов ХХ века. Ее впервые предложил польский академик В. Шафер.\r\n\r\nНаучным подспорьем стало исследование западной части Полесья польским болотоведом С. Кульчинским. В 1939 году результаты его работы были опубликованы в монографии «Торфянники Полесья». Но само обоснование создания Припятского заповедника выполнено спустя 20 лет сотрудником Центрального ботанического сада АН БССР Л.П. Смоляком, который в то время занимался проблемами лесной мелиорации.\r\n\r\n3 июня 1969 года принято Постановление Совета Министров БССР N200 «Об организации Припятского государственного ландшафтно-гидрологического заповедника», которое поручило организовать на территории 61,5 тыс. га заповедник в ведении Министерства лесного хозяйства БССР. Эта дата считается официальным днем создания заповедника. Но сама организация заповедника состоялась 1 июля 1969 года.\r\n\r\nЗаповедник – удивительный край низин и равнин, лесов и болот, пронизанных многочисленными реками, речками и ручьями, медленно несущими свои воды в Припять и далее в Днепр, впадающий в Черное море. В послеледниковый период Припятское Полесье представляло собой огромный водный бассейн, заполненный талыми ледниковыми водами, который позднее получил название «Полесское море». На средневековых картах эти места обозначались как Геродотово море, потому что древнегреческий историк упоминал в своих работах непроходимые полесские болота.', '2022-06-08', 2, 0),
(91, '31 МАЯ. ЛЕДОВАЯ АРЕНА В БОБРУЙСКЕ', 'Спортивный комплекс открылся в этот день в 2008 году.\r\n\r\nМесто для возведения Ледового дворца (часть территории Бобруйской крепости) выбрано не случайно. Бобруйская крепость – памятник истории и архитектуры XIX века, исторический центр города – включена в Государственный список историко-культурных ценностей Республики Беларусь. В настоящее время в городе активно ведутся работы по созданию уникального комплекса, включающего регенерацию фортификационных сооружений Бобруйской цитадели в первозданном виде. В перспективе комплекс планируется использовать как туристско-экскурсионный объект с развитой инфраструктурой (сеть магазинов, рестораны, гостиничный комплекс, офисы, музей), что, несомненно, будет благоприятствовать развитию въездного туризма, сохранению историко-культурного наследия, дальнейшему приобщению к изучению 200-летней истории крепости на Березине как гостей города, так и его жителей.\r\n\r\nЗдание имеет округлую форму диаметром 118,8 метра, в нем есть тренажерный, хореографический, конференц-зал и помещения, в которых разместились другие необходимые службы. Единовременная пропускная способность дворца при проведении соревнований составляет 7 000 человек, в том числе: мест для зрителей на трибунах – 6962, для инвалидов-колясочников – 10, в трех гостевых ложах – 30 мест. В новом дворце можно проводить не только соревнования, учебно-тренировочные занятия по хоккею и фигурному катанию, но и культурно-развлекательные мероприятия.\r\n\r\nС июля 2011 года спортивный комплекс называется Детско-юношеской спортивной школой по хоккею с шайбой «Бобруйск-Арена».', '2022-06-08', 2, 0),
(92, '29 МАЯ. МИНСКИЙ ТРАКТОРНЫЙ ЗАВОД', 'В мае 1946 года основан Минский тракторный завод.\r\n\r\nПроцесс создания начался с распоряжения Совнаркома от 9 ноября 1945 года о передаче авиазавода Главтракторопрому Наркомата среднего машиностроения СССР. Работники авиазавода были зачислены в штат тракторного. Первое официальное название МТЗ – Государственный Союзный тракторный завод Наркомата среднего машиностроения. Постановление Совета Министров СССР № 1142 «О строительстве Минского тракторного завода» было принято 29 мая 1946 года.\r\n\r\nНовое предприятие должно было производить гусеничные трактора. Сначала планировалось выпускать партии по 50 тракторов в сутки.\r\n\r\nК производству известных в мире тракторов «Беларус» завод шел поэтапно. Первая продукция была выпущена в 1948 году – это был пусковой двигатель ПД-10, а в 1950 – двигатель Д-35. Однако вскоре это производство отделилось от завода и стало самостоятельным предприятием Минский моторный завод.\r\n\r\nПроизводство тракторов началось с гусеничных машин КД-35. Только в 1953 году началось производство трактора МТЗ-2 на пневматических шинах, что и определило дальнейшую специализацию предприятия. Завод приступил к производству этих тракторов в 1953 г. параллельно с выпуском трелевочных тракторов КТ-12.\r\n\r\n24 марта 1984 года с главного конвейера сошел 2-миллионый трактор «Беларус», а в 1995 году завод выпустил трехмиллионный трактор.\r\n\r\nСегодня на предприятии работает около 16 тыс. человек. Мощности завода рассчитаны на производство 71 тысячи тракторов различных серий.\r\n\r\nОАО «Минский тракторный завод» разрабатывает и изготавливает колесные и гусеничные тракторы, мотоблоки, прицепные и навесные орудия для сельскохозяйственных, строительных, лесных и коммунальных работ, запасные части, товары народного потребления, организует на лицензионной основе их производство, оказывает услуги по налаживанию и проведению сервиса. На 2019 год выпущено более 3,86 миллионов тракторов, из них свыше 2,6 миллионов поставлено более чем в 100 стран мира. Предприятие выпускает около 100 моделей разных видов машин с более чем 200 вариантами сборки для различных эксплуатационных условий.', '2022-06-08', 2, 0),
(93, '28 МАЯ. ИВАН ЛУЦКЕВИЧ', 'В этот день в 1881 году в городе Шавли (Ковенская губерния, Российская империя, ныне – территория Литвы) родился Иван Луцкевич, общественный деятель, один из основателей и идейных руководителей белорусского культурно-просветительского и общественно-политического движения. Его справедливо называют одним из отцов белорусского возрождения.\r\n\r\nРодившись в семье повстанца 1863 года, боровшегося свободу Речи Посполитой, Иван Луцкевич стал борцом за независимую Беларусь. Известно, что в юные годы на его взгляды оказали значительное влияние произведения Францишка Богушевича и Винцента Дунина-Марцинкевича.Во время учебы в Менской классической гимназии шестнадцатилетний Иван вместе с младшим братом Антоном основали кружок, участники которого были захвачены идеей национальной и социальной справедливости.\r\n\r\nОкончательно убедиться в том, что они – белорусы, братьям помогла встреча с писателем и художником Карусем Каганцом (Казимиром Кастровицким).\r\n\r\nВ 1902 году братья Луцкевичи поступили в Петербургский университет: старший – на юридический факультет, младший – на физико-математический. Впоследствии Иван учился в Московском археологическом институте, а Антон получил образование юриста в Дерптском университете. Вместе с единомышленниками из Петербурга и Вильни сыновья повстанца стали членами Белорусской Революционной Грамады. Молодые революционеры ставили своей целью борьбу против царизма, за демократическую Россию и автономию Беларуси, за передачу крестьянам помещичьей, церковной и казенной земли, за права белорусского языка. В конце 1903 года состоялся учредительный съезд Белорусской Социалистической Грамады (БСГ). Иван Луцкевич стал ее подлинным лидером, а Антон – главным идеологом и публицистом партии.\r\n\r\nИз-за преследований полиции, Ивану Луцкевичу пришлось перехать в Вильню. Здесь он принял участие в создании первой легальной белорусской газеты «Наша Доля», а затем совместно с братом и социалистом Александром Власовым основал новое издание — «Нашу Ниву», которая сыграла исключительную роль в национальном возрождении, сплотив вокруг себя лучшие силы интеллигенции. Иван Луцкевич участвовал в создании в 1913 году в Вильне Белорусского издательского товарищества, просуществовавшего около двадцати лет до закрытия польскими властями. Здесь увидели свет книги Максима Богдановича, Максима Горецкого, Натальи Арсеньевой, Констанции Буйлы, Владимира Жилки.\r\n\r\nИван Луцкевич одним из первых осознал необходимость государственной самостоятельности Беларуси и вместе с братом стал инициатором провозглашения незвисимости Белорусской Народной Республики (БНР).\r\n\r\nВ последние годы жизни болел туберкулезом, выехал на польский курорт Закопане, где и скончался 20 августа 1919 года.\r\n\r\nВ 1991 году был перезахоронен на кладбище Расу в Вильнюсе.\r\n\r\n', '2022-06-08', 2, 0),
(94, '25 МАЯ. ТЕАТР ОПЕРЫ И БАЛЕТА', 'В этот день в 1933 году в Минске был открыт Белорусский государственный театр оперы и балета.\r\n\r\nПервая постановка – опера Ж.Бизе «Кармен», где роль главной героини исполняла блистательная Лариса Александровская. Помимо «Кармен» в этом году зрителям были представлены оперы «Евгений Онегин» и «Пиковая дама» П.Чайковского, «Царская невеста» Н. Римского-Корсакова и первая балетная постановка театра – «Красный мак» Р. Глиэра.\r\n\r\n30-е годы стали очень плодотворным периодом для театра: помимо подготовки спектаклей классического репертуара, были поставлены три национальные оперы – «У пушчах Палесся» А. Богатырева, «Міхась Падгорны» (2-я редакция) Е. Тикоцкого и «Кветка шчасця» А. Туренкова. Важнейшим событием для национальной культуры и театра стала также постановка первого белорусского балета «Салавей» М. Крошнера по мотивам повести З. Бядули.\r\n\r\nА 10 марта 1939 года на Троицкой горе премьерой оперы белорусского композитора Евгения Тикоцкого «Міхась Падгорны» открыли новое здание Оперного театра: шесть этажей под землей, скульптурный парк и главная сцена на 300 электродвигателях.\r\n\r\nЗдание Большого театра возвел Иосиф Лангбард – белорусский и советский архитектор. Сам он свое творение не любил настолько, что, по его словам, отворачивался, когда проходил мимо. Дело в том, что первоначальный проект автора при строительстве был упрощен. Не был построен еще один ярус, сократили количество посадочных мест с задуманных 2000 до 1 500. Если бы знаменитый архитектор дожил до наших дней то, безусловно, был бы доволен: благодаря последней масштабной реконструкции (2006–2009 гг.) Большой театр обрел свой первоначальный строгий вид в стиле конструктивизма, «разбавленный» бронзовыми изваяниями на фасаде – бога Аполлона в окружении нимф и муз.\r\n\r\nНа 10-м этаже находится живописный цех, где изготавливаются мягкие декорации. Во время последней реконструкции под сценой вырыли огромный котлован, максимальная глубина которого 18 метров. Здесь расположены блоки управления гидравликой. В каждой площадке есть люк провала. Через эти люки на сцену выезжают кабинки, в которых могут находиться как артисты, так и реквизит. Раньше сцена была сплошная и площадки не опускались. Сцена разделена на 21 участок, каждый может подниматься и опускаться, менять угол наклона до 4 градусов.\r\n\r\nОбслуживают комплекс более 300 электродвигателей. В этом процессе участвуют 11 специалистов и 7 компьютеров.\r\n\r\nВсего в театре работают более 1000 человек. В нем четыре труппы: симфонического оркестра (150 человек), хора (75), балета (120) и оперы (65). Здесь вообще можно жить: есть медпункт, столовая, гримерки, классы для занятий и пр. Что любопытно: микрофонов в оперном театре не существует, так что голоса и инструменты звучат естественно.\r\n\r\nВ настоящее время в репертуаре Большого театра Беларуси более 80 названий опер и балетов (национальные спектакли, шедевры мировой классики и современные постановки). Более 60 премьерных постановок осуществлено только в период с 2009 по 2019 год.\r\n\r\n', '2022-06-08', 2, 0),
(95, 'ПУТЕШЕСТВУЕМ ПО МАЛОЙ РОДИНЕ: МЯДЕЛ', 'Первоначально Мядель возник на острове одноименного озера. Принято считать, что жизни большей части его населения унесла какая-то эпидемия. Кто выжил — переселился на берега озера Мястро. А вот название поселения осталось прежним. Впервые в письменных источниках Мядель упоминается в 1324 году в письме Гедимина рижскому епископу. Великий князь жаловался на агрессию тевтонцев: «…Также они наверняка захватили бы наш замок Медело, если бы он не был так хорошо укреплен, однако много людей они убили и многих увели в плен».\r\n\r\nСкорее всего, здесь речь идет еще об укреплениях на острове озера Мядель.\r\n\r\nЗамок же на полуострове озера Мядель появился позже. В документах ХV-ХVІ веков встречаются три имения с названием «Мядело». Считается, что «Малым Мяделом» назывался Кобыльник (нынешний агрогородок Нарочь). Старый и Новый Мядель, из которых образовался современный город, еще сто лет назад были отдельными местечками. На картах ХVІ века Мядель отмечен как «судебный город, где разбираются дела шляхты». С 1793-го – казенное местечко в составе Российской империи. \r\n\r\nВ 1921-1939 годах (в составе Польши) – местечко, центр гмины Дуниловичского (позже – Поставского) повета Виленского воеводства. С 15.11.1940 — село, райцентр Вилейской области (с 20.09.1944 – Молодечненской). В годы Великой Отечественной войны был оккупирован немецко-фашистскими захватчиками. В ноябре 1942-го партизаны разгромили Мядельский гарнизон, летом 1943 сделали на него несколько налетов. С декабря 1943 года гарнизон был блокирован партизанской бригадой имени Ворошилова, и боеприпасы гитлеровцам доставляли самолетами (попытки прорвать блокаду были неудачны). А 4 июля 1944-го воины 850-го стрелкового полка 277-й стрелковой дивизии 3-го Белорусского фронта вместе с партизанами освободили Мядель.\r\n\r\n17 ноября1959 года населенный пункт получил статус городского поселка, а 30 декабря 1998 года — города. На 1 января 2020 года в Мяделе было 7110 жителей.', '2022-06-08', 2, 0),
(96, 'ЛУЧШИЕ БЕЛОРУССКИЕ МЕСТА ДЛЯ БЕРДВОТЧИНГА: «КРАСНЫЙ БОР»', 'Не все в Беларуси знают, что у нас есть своя тайга, пусть дотошные геоботаники и не используют этот термин в последнее время. На взгляд обычного человека, леса, расположенные на севере Россонского и Верхнедвинского районов, вполне заслуживают этого гордого звания. Достаточно приехать сюда и погулять всего несколько часов, чтобы убедиться: они действительно отличаются от тех, к которым привыкло большинство белорусов.\r\n\r\nДля сохранения белорусской тайги был создан Республиканский ландшафтный заказник «Красный Бор». Кстати, обитающие здесь птицы также разделяют представление о том, что речь идет именно о тайге. Именно в Красноборской пуще наиболее высока численность видов, которые принято считать представителями ее фауны. В первую очередь речь идет о глухаре, являющемся неофициальным символом этой особо охраняемой природной территории.\r\n\r\nЗдесь до сих пор сохранились тока, на которых собираются десятки самцов. Благо охота на глухаря в последние годы не ведется. Зато иностранные фотографы охотно приезжают, чтобы поснимать этих птиц, которые практически исчезли с территории Европы, а до тех мест, где они еще сохранились (в основном речь идет об Альпах), сложно добраться.\r\n\r\nВ «Красном Бору» имеются засидки, из которых можно наблюдать за токованием – одним из самых захватывающих зрелищ, которое вообще может предложить природа. Однако глухари попадаются здесь не только весной. Рано утром их можно встретить на лесных дорогах, куда эти птицы выходят, чтобы клевать камешки, которые нужны им для переваривания пищи.\r\n\r\nОднако и помимо глухарей в «Красном Бору» можно встретить немало видов, которые ассоциируются с тайгой. Еще одним ярким примером является трехпалый дятел, который редко попадается в других частях Беларуси, но здесь довольно обычен. Однако это не означает, что найти его легко. Так что лучшее время – конец марта и первая половина апреля, когда этот и другие виды дятлов активно токуют.\r\n\r\nВ Красноборской пуще можно встретить всех представителей данного семейства, обитающих на территории Европы (за исключением, пожалуй, лишь сирийского дятла, который, однако, активно расширяет свой ареал в северном направлении, так что и его появление в этих местах, скорее всего, является лишь вопросом времени).\r\n\r\nЕще одной приманкой для бердвотчеров служит длиннохвостая неясыть. Южная граница ее ареала в Беларуси доходит до Налибокской пущи. Однако найти этот вид очень сложно. В Красноборской пуще плотность его популяции наиболее высока, что обеспечивает хорошие шансы на встречу. Кроме того, на данной территории высока численность и других видов сов, которые характерны для северных лесов, – мохноногого и воробьиного сычей.\r\n\r\nПоскольку их максимальная активность приходится в основном на раннюю весну (как и в случае с дятлами и глухарями), именно данное время года кажется наиболее интересным для посещения «Красного Бора».\r\n\r\nНо не только! В деревне Сосновый Бор расположена одноименная станция кольцевания, которой руководит Денис Китель. Белорусским любителям птиц не нужно о ней рассказывать. Достаточно упомянуть, что именно здесь впервые в истории отечественной орнитологии были отмечены такие виды, как пеночка-зарничка, толстоклювая пеночка, овсянка-крошка и синехвостка (наверняка ими список не ограничится). Кроме того, на этой станции периодически отлавливают и другие редкости с приставкой «супер», включая северную бормотушку, овсянку-ремеза, сибирскую завирушку.', '2022-06-08', 2, 0),
(97, 'ЧЕРНОБЫЛЬСКАЯ ЗОНА: ОСКОЛКИ ПАМЯТИ', 'С момента Чернобыльской катастрофы прошло тридцать шесть лет, но по-прежнему к пострадавшей территории в Беларуси и мире очень неоднозначное отношение. Кто-то боится приближаться к ней, кого-то она влечет. И только раз в год – на Радуницу – бывшие жители отселенных деревень могут посетить родные места.\r\n\r\nВ прошлом году я специально подстраивал свою командировку под этот праздник, надеялся сделать эмоциональные снимки жителей бывших деревень.\r\n\r\nВ Полесском радиационном заповеднике самое колоритное кладбище находится в Оревичах, деревня расположенаи вокруг огромной песчаной горы.\r\n\r\nМогилы спускаются по склону горы, располагаются между дубами. Судя по внешнему виду, жить на песчаных дюнах дубам не очень сладко, но фон они создают прекрасный.\r\n\r\nК сожалению, в прошлом году фотосессия в Оревичах у меня не получилась: люди настороженно смотрели на мужика в камуфляже с большим фотоаппаратом.\r\n\r\nЯ сделал пару кадров издали и решил, что в будущем такую фотосъемку лучше проводить, предварительно с кем-то договорившись. Все-таки кладбище – это не то место, где ты готов делиться своими эмоциями с посторонними. Но если найдутся желающие, которые захотят поучаствовать в создании фоторепортажа о родной деревне, буду только рад.\r\n\r\nЯ давно думаю про книгу о покинутых людьми территориях и специализированном интернет-ресурсе, на котором можно было бы сохранить память о погибших деревнях и достойных людях, живших в них. Но планы пока остаются планами, работа над проектом продолжается. За эти годы накопилось множество фотографий, особое место среди них занимают артефакты, которые имеют отношение к конкретным владельцам. Это характерные предметы быта, игрушки, фотографии. По некоторым из них можно судить, как природа возвращает свое и поглощает созданное людьми.', '2022-06-08', 2, 0),
(98, 'ПО СЛЕДАМ ПОСЛЕДНЕГО МОНАРХА РЕЧИ ПОСПОЛИТОЙ', 'Три королевские резиденции, построенные вокруг Гродно: Станиславово, Августово, Панемунь – стоит рассматривать вместе. Не зря же они связаны не только художественной стилистикой, периодом создания и общим хозяином, но и в некотором смысле, своими названиями. Станиславово – первая буква С, Августово – первая буква А, Понемунь – первая буква П. Как можно видеть, первые буквы соответствуют инициалам монарших имен и фамилии – САП – Станислав Август Понятовский. Это своего рода подпись короля, навечно оставленная на карте города. Интересно, кроме того, еще и предназначение этих небольших загородных домов.\r\n\r\nРазмещались они вокруг города, со стороны важных дорог, и могли использоваться как так называемые путевые дворцы, то есть служить для отдыха после долгой дороги. Известно, что именно так Станислав Август использовал дворец в Августово: король отдыхал там непродолжительное время, после прогулок за Неманом, а затем возвращался в Новый замок.\r\n\r\nКроме того, усадьбы могли служить своего рода фольварками, предназначенными для использования в сельскохозяйственных целях. То есть королевская казна могла получать прибыль от продажи продукции фольварков. Усадьбы можно было сдать в аренду, это тоже приносило бы доход монарху, нуждавшемуся в деньгах. Подобное предназначение имел королевский фольварок в Сельцах около Варшавы.\r\n\r\nПри дворцах можно было устраивать летние театральные спектакли на открытом воздухе или просто селить в особняки кого-то из своей свиты, например, прекрасных возлюбленных.\r\n\r\nКоролевская резиденция Станиславово – это барочный ансамбль XVIII века. Автор – королевский архитектор, итальянец – Джузеппе де Сакко. Комплекс прекрасно вписан в рельеф местности.\r\n\r\nДворец находится наверху пологого возвышения, по которому проходит дорога к главному зданию ансамбля и к образующим парадный двор боковым флигелям, находящимся ниже центрального корпуса.\r\n\r\nДоминантой ансамбля является двухэтажный кирпичный дворец, возведенный в стиле позднего барокко с элементами классицизма. В Польше подобный стиль, созданный королевскими зодчими, называют «Станиславовский классицизм» или «Стиль Станислава Августа». Аналогичный стиль, развивающийся на Гродненщине, можно назвать «сакковским классицизмом».\r\n\r\n\r\nРизалит в середине главного фасада дворца в Станиславово декорирован пилястрами и завершен фронтоном, ранее имевшим высокий элемент в форме обелиска. Оконные проемы ризалита оформлены наличниками, над ними размещены сандрики. Главный вход в здание выделен более поздней лоджией. Полукруглый ризалит в центре дворового фасада декорирован монограммой SAR (Stanislaus Augustus Rex – Станислав Август Король) на аттике.\r\n\r\nВ вестибюле сохранились две печи XIX века в стиле неоготики. Перед главным зданием расположены два флигеля под высокими вальмовыми крышами.\r\n\r\nЧастично сохранились ворота, ведущие в курдонер.\r\n\r\nХозяйственные постройки находятся к западу от дворца.\r\n\r\nПосле короля самыми заметными хозяевами усадьбы были князья Друцкие-Любецкие, устроившие в Гродно различные предприятия по выпуску строительных материалов.\r\n\r\nПарк в Станиславово пейзажный и создан уже после королевской эпохи.\r\n\r\nДворец в Августово, как и комплекс в Станиславово, был построен графом Антонием Тызенгаузом во второй половине XVIII века для последнего правителя страны Станислава Августа Понятовского. Августовский объект был единственным, построенным на левом берегу Немана. Архитектором дворца чаще всего называют Джузеппе де Сакко, но есть гипотеза об авторстве Фердинанда Накса (Ferdynand Nax). Этот архитектор работал над небольшими резиденциями, одна из которых – дворец Малаховских в польском Наленчуве, как раз очень похожа на резиденцию в Августове. Стиль Августовского дворца действительно вполне соответствует стилю Накса, хотя тут стоит сказать, что архитекторы Станислава Августа, Сакко и Накс, руководствовались сходными эстетическими положениями, так как испытывали влияние художественной программы королевского двора, созданной не без участия самого короля. Стили Накса и Сакко, соответственно, имели немало общего. Даже если проект разрабатывался при участии Накса, осуществляла его местная артель Сакко, как можно предположить при анализе архитектурных деталей.\r\nГлавное здание представляло собой небольшой каменный дворец. Обладая скромными размерами, строение, однако, отличалось довольно пышным декором. Передний фасад украшали лепные гирлянды, кроме того, две большие ниши, предназначенные для скульптур, руст и четырехпилонный портик. Во фризе, между триглифами, помещались редкие на землях ВКЛ декоративные элементы – букрании, то есть бычьи черепа. На парковом фасаде дворца, как и в усадьбе Станиславово, имелась королевская монограмма SAR. На уровне высокой крыши помещались округлые люкарны, гармонировавшие с подобным окном во фронтоне, где, кроме окна, была большая гирлянда.\r\n\r\nПожалуй, из всех трех пригородных дворцов короля именно эта резиденция была наиболее близка в художественном плане варшавской школе станиславовского классицизма.\r\n\r\nНа въездных воротах красовались две живописные чаши. Перед главным зданием стояли два флигеля, почти лишенные декора. В общем, комплекс напоминал аналогичный в Станиславово.\r\n\r\nДалеко не каждый гродненец вообще слышал о дворце в Августово, а уж о конкретном месте расположения особняка известно лишь очень малому количеству горожан и даже не всем краеведам.\r\n\r\nЗдание дворца, если бы оно вновь появилось в Гродно, расположилось бы как раз на проезжей части улицы Репина, примерно напротив детского сада №20 (Репина, 35).\r\n\r\n', '2022-06-08', 2, 0),
(99, 'ГОРКИ НА ПЯТИ ХОЛМАХ, ИЛИ КАК МОЖНО ПРИВЛЕЧЬ ТУРИСТОВ В ГОРОД ГОРКИ', 'Когда-то говорили: «Горки – хлеба ни корки, дров ни полена и грязь по колено!» Сегодня это не более, чем миф, который может развеять каждый гость, решивший приехать в Горки.\r\n\r\nЗнакомство с этим небольшим районным центром начинается с посещения музея Горецкой сельскохозяйственной академии. Что вполне логично, ведь именно это учебное заведение в перечне достопримечательностей Горок стоит на первом месте. История, которую нам поведали в музее, такова. В 1840 году по приказу царя Николая I в Горках была открыта земледельческая школа. Главный корпус академии был построен итальянским зодчим Анджело Кампиони. В 1848 году на базе земледельческой разветвленной школы организовали первый сельскохозяйственный вуз России – Горы-Горецкий земледельческий институт с филиалами: училищем агрономов и школой фермеров. Таким образом, здесь можно было получить высшее, среднее и низшее сельскохозяйственное образование.\r\n\r\nПосле 1863 года институт перевели в Санкт-Петербург, так как многие студенты приняли участие в восстании Калиновского. Но в 1919 году он был восстановлен в Горках и работает до сих пор, правда, уже преобразованный в академию.\r\n\r\nЗа всю историю деятельности академия подготовила около 80 тысяч специалистов в агропромышленной сфере. Сегодня она является крупнейшим высшим учебным заведением агропромышленного направления в Европе, состоит из 16 учебных корпусов и 13 общежитий.\r\n\r\nСегодня здесь учится 14 тысяч студентов, многие из которых приехали сюда из разных стран мира. Для гостей Горок открыт главный корпус академии – тот самый, что построил Кампиони, а также ботанический сад и дендрарий, основанные еще во времена земледельческой школы. Получив необходимые знания о территории академии, неспешно двигаемся, осматривая корпуса, вдыхая свежий воздух, любуясь ровными аллеями и пробивающейся первой зеленью. Конечно, не обходится без местных легенд. Одна из них связана с именем графа Соллогуба, которому в начале XIX века принадлежало все пространство от деревни Горы до поселка Горки. Имение было большое – и добротные поля, и чудесные леса, и рощи, и аккуратные огороды, и отличные выгоны, и пастбища, и луга. Оранжереи давали свежие огурцы, лук, петрушку, томаты и пр. Так вот, говорят, что когда богатый граф покидал эти места, он где-то на территории академии зарыл клад. С тех пор сокровища ищут, но пока безуспешно.\r\n\r\nНаша следующая цель – ботанический сад.\r\n\r\nСначала нам показывают небольшую, но насыщенную всяческими экзотами оранжерею. Чего здесь только нет! И лимоны, и бананы, и мимоза, и разнообразные кактусы…\r\n\r\nА затем мы спускаемся по горке (!) вниз, наслаждаясь запахами пробуждающейся природы, тишиной и многочисленными первоцветами. Разумеется, летом здесь и вообще рай, но и сейчас просто отдых для глаз и души. Беседки, мостики, скамеечки, уютные уголки, куда так и тянет забраться, уединиться и слушать пение птиц и тишину.\r\n\r\nБотанический сад Горы-Горецкой земледельческой школы был организован в 1840 году для практических занятий студентов по предметам: ботаника, лесоводство, садоводство.\r\n\r\nОдной из главных экспозиций сада является дендрарий, который постановлением Минприроды объявлен ботаническим памятником природы республиканского значения.\r\n\r\nПлощадь его в настоящее время составляет 11,80 га. Сегодня в коллекциях ботанического сада и дендрария насчитывается 840 родов, 1476 видов и 1045 сортов декоративных растений.\r\n\r\nВ саду есть пять отделов: тропических и субтропических растений, травянистых растений, интродукции древесно-кустарниковых растений, цветоводства, садово-паркового строительства. Здесь представлены такие редкие растения, как сосна Веймутова, Банкса, ели колючая и канадская, туя западная, гордовина канадская, клен серебристый, пихта одноцветная и дугласова, кипарисовик Лавсона, лох серебристый, черемуха виргинская, дуб красный, лиственница американская, ирга канадская, ясень пенсильванский, клен ясенелистный, можжевельник вергинский (карандашное дерево) и многие другие.\r\n\r\nСад открыт для посещений. Взрослый билет стоит 2,10 руб., детский с 6 до 14 лет – 1,20 руб., детям до 6 лет – бесплатно.\r\n\r\nСледующий экскурсионный объект – горка Парнас. Существует версия, что знаменитую поэму «Тарас на Парнасе» написал студент (или студенты) Горы-Горецкого земледельческого института, причем сделали это именно на этом месте в свободное от учебы время. С горки открывается чудесный вид на водную гладь и стайку берез.\r\n\r\nВ городе есть и еще одна знаменитая возвышенность – горка Петра, которая прославилась тем, что во время своего пребывания здесь (в период шведской кампании) Петр I именно на ней раскинул свой шатер.\r\n\r\nВ нашей программе есть музей – Горецкий районный историко-этнографический. Он был открыт в 1989 году. А в 2012 году экспозиция музея переехала в отреставрированное здание – памятник архитектуры, относящийся к концу XIX века.\r\n\r\nНекоторое время в доме жил провизор Казимир Паздзерский и работала местная аптека. Периоду развития аптечного киоска и разработке легендарного крема против веснушек, прославившего местного аптекаря аж до самого Парижа, посвящена внушительная часть экспозиции.\r\n\r\nЭкспозиция рассказывает об основных этапах становления и развития Горецкого края. Здесь представлены археологические находки глубокой древности, предметы исторического, духовного и культурного наследия.', '2022-06-08', 2, 0),
(100, 'ВСЕМ МУРАЛАМ МУРАЛ', 'В Полоцке открыли уникальный арт-объект, созданный в честь юбилея города и 100-летия «Беларусбанка». Необычная современная фреска украсила фасад дома по улице Зодчего Ионна в Полоцке. Яркий образец монументального искусства создан в рамках проекта «Традыцыi дзеля будучынi», посвященного вековому юбилею «Беларусбанка». Креативный подарок от крупнейшего банка страны Полоцк получил к своему 1160-летию.\r\n\r\nВот как прокомментировал идею проекта заместитель председателя правления банка Олег Козаредов: «Монументальные художественные росписи на стенах не только делают наши города интереснее, но несут в себе и некую философию. Поэтому мы ответственно подходим к выбору сюжетов для муралов, основательно и, конечно, с пониманием, что наш подарок будут ежедневно видеть жители города. Он должен дарить положительные эмоции и вдохновлять создавать будущее с опорой на наши богатые традиции».\r\n\r\nИнициатива, как мы уже сообщали, реализуется совместно с арт-сообществом «Urban Myths», которое курирует создание монументальных росписей белорусских и иностранных художников с 2013 года. Проекты «Urban Myths» регулярно попадают в международные обзоры лучшего мирового стрит-арта.\r\n\r\nПервое художественное панно из серии «Традыцыі дзеля будучынi» появилось в Пинске под названием «Шлях да мары», второе – «Летуценнікi» – в Мозыре.\r\n\r\nМурал в самом древнем городе страны ожидаемо получил название «Вытокі». На нем изображен меч, воткнутый в землю и обвитый растениями и цветами. Мощный художественный образ олицетворяет силу Полоцка и его вклад в историю белорусской государственности.\r\n\r\nСоздатель росписи Глеб Каштанов отметил, что работа велась в сотрудничестве с историками и работниками музея. В основу композиции положен образ меча X века, найденный в Полоцке в 1956 году. Сегодня раритетный экспонат хранится в Краеведческом музее города. Помогали художнику коллега из Пинска Сергей Рысаков и полоцкие волонтеры.', '2022-06-08', 21, 0),
(101, 'kek', 'adsdasdas', '2022-06-08', 2, 0),
(102, 'Тестовая новость', 'фдлывфыдв ыдов фыдлов дфыОВ доыф вдфыов жыфВ жоыфОЖЩВ ыощжф ОВЖЩОЖЩ ФЫЖВОЩЫФО ЖЩВОЖФЫ ОВЖЖЫФОЩ ВЖОФЫЖВ ЖОФЫОЖВЩ ОФЫЩ ВОЖВФЫЖ ВОЩЖФЫ ОВЫФОЩЖ ВЖФОЫЩ ВЖЖ ФЖЫВЖ ФЫЖЩВЩЖ ФЫЖЩВЩЖ ЫФВ ФЫШЗВЗФЫ ЪВЩФЫХВ ФЫХВ ЩФЫХВ ФЫВ', '2022-06-17', 14, 0),
(103, 'lnsdfnsdffdsln', 'qlnkweflnkwefnl', '2022-06-22', 2, 1),
(104, 'iguo', 'vutfybjnmkl;', '2022-06-22', 14, 1),
(105, 'ygubhijnmkl;', 'hvgjmkl;', '2022-06-22', 2, 0),
(106, 'ыфвфвыфывывф', 'ыфввыыфвыфв', '2022-06-22', 2, 0);

-- --------------------------------------------------------

--
-- Дублирующая структура для представления `newsinfo`
-- (См. Ниже фактическое представление)
--
CREATE TABLE `newsinfo` (
`id` int
,`name` text
,`discription` text
,`date` date
,`is_suggest` int
,`user` varchar(45)
);

-- --------------------------------------------------------

--
-- Структура таблицы `rating`
--

CREATE TABLE `rating` (
  `id` int NOT NULL,
  `id_attraction` int NOT NULL,
  `id_user` int NOT NULL,
  `rate` int NOT NULL
) ENGINE=InnoDB DEFAULT CHARSET=utf8mb4 COLLATE=utf8mb4_0900_ai_ci;

--
-- Дамп данных таблицы `rating`
--

INSERT INTO `rating` (`id`, `id_attraction`, `id_user`, `rate`) VALUES
(22, 84, 2, 5),
(23, 93, 2, 4),
(24, 93, 21, 3),
(25, 85, 2, 5),
(26, 78, 14, 4),
(27, 78, 14, 3),
(28, 78, 15, 2),
(29, 78, 16, 5),
(30, 78, 18, 5),
(31, 78, 20, 3),
(32, 78, 21, 1),
(33, 79, 2, 3),
(34, 79, 14, 5),
(35, 79, 15, 5),
(36, 79, 16, 1),
(37, 79, 18, 2),
(38, 79, 20, 4),
(39, 79, 21, 4),
(40, 80, 2, 5),
(41, 80, 14, 5),
(42, 80, 15, 2),
(43, 80, 16, 1),
(44, 80, 18, 1),
(45, 80, 20, 4),
(46, 80, 21, 4),
(47, 81, 2, 4),
(48, 81, 14, 4),
(49, 81, 15, 5),
(50, 81, 16, 5),
(51, 81, 18, 2),
(52, 81, 20, 2),
(53, 81, 21, 1),
(54, 82, 2, 5),
(55, 82, 14, 4),
(56, 82, 15, 3),
(57, 82, 16, 2),
(58, 82, 18, 2),
(59, 82, 20, 4),
(60, 82, 21, 2),
(66, 84, 2, 4),
(67, 84, 14, 5),
(68, 84, 15, 4),
(69, 84, 16, 3),
(70, 84, 18, 2),
(71, 84, 20, 2),
(72, 84, 21, 2),
(73, 85, 2, 4),
(74, 85, 14, 3),
(75, 85, 15, 3),
(76, 85, 16, 2),
(77, 85, 18, 5),
(78, 85, 20, 4),
(79, 85, 21, 3),
(80, 86, 2, 4),
(81, 86, 14, 5),
(82, 86, 15, 4),
(83, 86, 16, 3),
(84, 86, 18, 2),
(85, 86, 20, 2),
(86, 86, 21, 4);

-- --------------------------------------------------------

--
-- Дублирующая структура для представления `ratinginfo`
-- (См. Ниже фактическое представление)
--
CREATE TABLE `ratinginfo` (
`attraction_name` text
,`user` varchar(45)
,`rate` int
);

-- --------------------------------------------------------

--
-- Структура таблицы `type`
--

CREATE TABLE `type` (
  `id` int NOT NULL,
  `name` varchar(45) CHARACTER SET utf8mb4 COLLATE utf8mb4_0900_ai_ci NOT NULL
) ENGINE=InnoDB DEFAULT CHARSET=utf8mb4 COLLATE=utf8mb4_0900_ai_ci;

--
-- Дамп данных таблицы `type`
--

INSERT INTO `type` (`id`, `name`) VALUES
(1, 'Памятник'),
(2, 'Музей'),
(3, 'Мост'),
(4, 'Культурный объект'),
(6, 'Церкви и соборы'),
(7, 'Парки и скверы'),
(8, 'Водоёмы');

-- --------------------------------------------------------

--
-- Структура таблицы `usersdost`
--

CREATE TABLE `usersdost` (
  `id` int NOT NULL,
  `email` varchar(45) NOT NULL,
  `password` varchar(45) NOT NULL,
  `role` varchar(45) NOT NULL,
  `secret_word` varchar(25) CHARACTER SET utf8mb4 COLLATE utf8mb4_0900_ai_ci NOT NULL
) ENGINE=InnoDB DEFAULT CHARSET=utf8mb4 COLLATE=utf8mb4_0900_ai_ci;

--
-- Дамп данных таблицы `usersdost`
--

INSERT INTO `usersdost` (`id`, `email`, `password`, `role`, `secret_word`) VALUES
(2, 'admin@mail.ru', 'admin', 'admin', 'admin'),
(14, 'qwe@mail.ru', 'qwee', 'user', 'asdsadsa'),
(15, 'user@firstmail.ru', 'first', 'user', 'q97sadjk'),
(16, 'asdasdsad@mail.ru', '1111', 'user', 'user'),
(18, 'matetskiy@gmail.com', 'asdsad', 'user', 'sadsad'),
(20, 'danverguy@guy.com', 'guy', 'user', 'gay'),
(21, 'maks@mail.ru', 'petya', 'user', 'maks'),
(22, 'andrey@mail.ru', 'andrey', 'user', '123');

-- --------------------------------------------------------

--
-- Структура для представления `attractioninfo`
--
DROP TABLE IF EXISTS `attractioninfo`;

CREATE ALGORITHM=UNDEFINED DEFINER=`root`@`127.0.0.1` SQL SECURITY DEFINER VIEW `attractioninfo`  AS  select `attraction`.`id` AS `id`,`attraction`.`name` AS `name`,`type`.`name` AS `type`,`categories`.`name` AS `category`,`attraction`.`address` AS `address`,`locality`.`name` AS `locality`,`attraction`.`coordinates` AS `coordinates`,`attraction`.`discription` AS `discription`,`attraction`.`is_suggest` AS `is_suggest` from (((`attraction` join `categories` on((`attraction`.`category_id` = `categories`.`id`))) join `locality` on((`attraction`.`locality_id` = `locality`.`id`))) join `type` on((`attraction`.`types_id` = `type`.`id`))) ;

-- --------------------------------------------------------

--
-- Структура для представления `newsinfo`
--
DROP TABLE IF EXISTS `newsinfo`;

CREATE ALGORITHM=UNDEFINED DEFINER=`root`@`127.0.0.1` SQL SECURITY DEFINER VIEW `newsinfo`  AS  select `news`.`id` AS `id`,`news`.`name` AS `name`,`news`.`discription` AS `discription`,`news`.`date` AS `date`,`news`.`is_suggest` AS `is_suggest`,`usersdost`.`email` AS `user` from (`news` join `usersdost` on((`news`.`user_id` = `usersdost`.`id`))) ;

-- --------------------------------------------------------

--
-- Структура для представления `ratinginfo`
--
DROP TABLE IF EXISTS `ratinginfo`;

CREATE ALGORITHM=UNDEFINED DEFINER=`root`@`127.0.0.1` SQL SECURITY DEFINER VIEW `ratinginfo`  AS  select `attraction`.`name` AS `attraction_name`,`usersdost`.`email` AS `user`,`rating`.`rate` AS `rate` from ((`rating` join `attraction` on((`rating`.`id_attraction` = `attraction`.`id`))) join `usersdost` on((`rating`.`id_user` = `usersdost`.`id`))) ;

--
-- Индексы сохранённых таблиц
--

--
-- Индексы таблицы `attraction`
--
ALTER TABLE `attraction`
  ADD PRIMARY KEY (`id`),
  ADD KEY `fk_attraction_categories_1` (`category_id`),
  ADD KEY `fk_attraction_locality_2` (`locality_id`),
  ADD KEY `fk_attraction_type_3` (`types_id`);

--
-- Индексы таблицы `categories`
--
ALTER TABLE `categories`
  ADD PRIMARY KEY (`id`);

--
-- Индексы таблицы `locality`
--
ALTER TABLE `locality`
  ADD PRIMARY KEY (`id`);

--
-- Индексы таблицы `news`
--
ALTER TABLE `news`
  ADD PRIMARY KEY (`id`),
  ADD KEY `fk_news_userdost_1` (`user_id`);

--
-- Индексы таблицы `rating`
--
ALTER TABLE `rating`
  ADD PRIMARY KEY (`id`),
  ADD KEY `fk_rating_user_1` (`id_user`),
  ADD KEY `fk_rating_attraction_2` (`id_attraction`);

--
-- Индексы таблицы `type`
--
ALTER TABLE `type`
  ADD PRIMARY KEY (`id`);

--
-- Индексы таблицы `usersdost`
--
ALTER TABLE `usersdost`
  ADD PRIMARY KEY (`id`);

--
-- AUTO_INCREMENT для сохранённых таблиц
--

--
-- AUTO_INCREMENT для таблицы `attraction`
--
ALTER TABLE `attraction`
  MODIFY `id` int NOT NULL AUTO_INCREMENT, AUTO_INCREMENT=104;

--
-- AUTO_INCREMENT для таблицы `categories`
--
ALTER TABLE `categories`
  MODIFY `id` int NOT NULL AUTO_INCREMENT, AUTO_INCREMENT=24;

--
-- AUTO_INCREMENT для таблицы `locality`
--
ALTER TABLE `locality`
  MODIFY `id` int NOT NULL AUTO_INCREMENT, AUTO_INCREMENT=27;

--
-- AUTO_INCREMENT для таблицы `news`
--
ALTER TABLE `news`
  MODIFY `id` int NOT NULL AUTO_INCREMENT, AUTO_INCREMENT=107;

--
-- AUTO_INCREMENT для таблицы `rating`
--
ALTER TABLE `rating`
  MODIFY `id` int NOT NULL AUTO_INCREMENT, AUTO_INCREMENT=87;

--
-- AUTO_INCREMENT для таблицы `type`
--
ALTER TABLE `type`
  MODIFY `id` int NOT NULL AUTO_INCREMENT, AUTO_INCREMENT=9;

--
-- AUTO_INCREMENT для таблицы `usersdost`
--
ALTER TABLE `usersdost`
  MODIFY `id` int NOT NULL AUTO_INCREMENT, AUTO_INCREMENT=23;

--
-- Ограничения внешнего ключа сохраненных таблиц
--

--
-- Ограничения внешнего ключа таблицы `attraction`
--
ALTER TABLE `attraction`
  ADD CONSTRAINT `fk_attraction_categories_1` FOREIGN KEY (`category_id`) REFERENCES `categories` (`id`) ON DELETE CASCADE ON UPDATE CASCADE,
  ADD CONSTRAINT `fk_attraction_locality_2` FOREIGN KEY (`locality_id`) REFERENCES `locality` (`id`) ON DELETE CASCADE ON UPDATE CASCADE,
  ADD CONSTRAINT `fk_attraction_type_3` FOREIGN KEY (`types_id`) REFERENCES `type` (`id`) ON DELETE CASCADE ON UPDATE CASCADE;

--
-- Ограничения внешнего ключа таблицы `news`
--
ALTER TABLE `news`
  ADD CONSTRAINT `fk_news_userdost_1` FOREIGN KEY (`user_id`) REFERENCES `usersdost` (`id`) ON DELETE CASCADE ON UPDATE CASCADE;

--
-- Ограничения внешнего ключа таблицы `rating`
--
ALTER TABLE `rating`
  ADD CONSTRAINT `fk_rating_attraction_2` FOREIGN KEY (`id_attraction`) REFERENCES `attraction` (`id`) ON DELETE CASCADE ON UPDATE CASCADE,
  ADD CONSTRAINT `fk_rating_user_1` FOREIGN KEY (`id_user`) REFERENCES `usersdost` (`id`) ON DELETE CASCADE ON UPDATE CASCADE;
COMMIT;

/*!40101 SET CHARACTER_SET_CLIENT=@OLD_CHARACTER_SET_CLIENT */;
/*!40101 SET CHARACTER_SET_RESULTS=@OLD_CHARACTER_SET_RESULTS */;
/*!40101 SET COLLATION_CONNECTION=@OLD_COLLATION_CONNECTION */;
